unix,ds,symbol,open,high,low,close,Volume ZEC,Volume USDT,tradecount,Value
1.55313E+12,2019-03-21,ZEC/USDT,58.5,59.1,53.31,55.14,7780.91395,439917.2731,1882,56.205
1.55321E+12,2019-03-22,ZEC/USDT,55.37,56.56,54.42,55.07,5182.07127,286909.1343,1360,55.49
1.5533E+12,2019-03-23,ZEC/USDT,55.06,56.9,54.78,56.9,3435.73138,190964.3467,917,55.84
1.55339E+12,2019-03-24,ZEC/USDT,56.8,58.44,55.81,57.21,8357.05638,478186.0918,1813,57.125
1.55347E+12,2019-03-25,ZEC/USDT,57.06,57.13,53.78,55.32,4922.4201,274141.652,1117,55.455
1.55356E+12,2019-03-26,ZEC/USDT,55.32,55.5,52.72,54.49,3951.24438,212108.6832,894,54.11
1.55364E+12,2019-03-27,ZEC/USDT,54.5,57.35,54.49,56.96,4350.00589,241493.3667,1059,55.92
1.55373E+12,2019-03-28,ZEC/USDT,56.8,56.8,55.29,56.18,5429.87373,303098.3219,1103,56.045
1.55382E+12,2019-03-29,ZEC/USDT,56.15,58.12,55.1,57.14,8048.82943,453946.9213,1686,56.61
1.5539E+12,2019-03-30,ZEC/USDT,57.15,57.44,55.6,57.1,3709.98578,210420.9254,964,56.52
1.55399E+12,2019-03-31,ZEC/USDT,56.81,59.52,56.73,58.65,11424.86631,664704.6984,2173,58.125
1.55408E+12,2019-04-01,ZEC/USDT,58.78,63.68,58.13,62.7,14320.42676,884575.3533,3377,60.905
1.55416E+12,2019-04-02,ZEC/USDT,62.69,70.99,60.56,69.6,29209.1403,1915070.417,7148,65.775
1.55425E+12,2019-04-03,ZEC/USDT,69.53,77,66,69.55,26319.22623,1892511.129,7645,71.5
1.55434E+12,2019-04-04,ZEC/USDT,69.11,71.37,64.59,66.78,11785.24136,801465.0089,3648,67.98
1.55442E+12,2019-04-05,ZEC/USDT,66.91,72.62,66.91,72.05,13442.0753,949160.8078,3590,69.765
1.55451E+12,2019-04-06,ZEC/USDT,71.62,73.12,69.14,71.23,7766.29711,551161.6289,2768,71.13
1.5546E+12,2019-04-07,ZEC/USDT,71.38,75,70.52,74.37,14712.68656,1075249.988,4238,72.76
1.55468E+12,2019-04-08,ZEC/USDT,74.21,76.07,68.85,72.19,14024.24424,1019916.622,4561,72.46
1.55477E+12,2019-04-09,ZEC/USDT,72.2,72.2,68.6,70.3,14949.76326,1041357.535,3111,70.4
1.55485E+12,2019-04-10,ZEC/USDT,70.43,73.79,70.07,71.75,10810.99401,777505.522,3184,71.93
1.55494E+12,2019-04-11,ZEC/USDT,71.85,72.11,63.32,69.61,13912.92374,942696.097,4080,67.715
1.55503E+12,2019-04-12,ZEC/USDT,69.59,71.81,67.14,70.94,21759.37412,1524884.83,4437,69.475
1.55511E+12,2019-04-13,ZEC/USDT,71.09,71.24,68.3,69.08,5477.3534,381725.0087,1885,69.77
1.5552E+12,2019-04-14,ZEC/USDT,69.11,70.25,66.95,69.6,4003.31204,274939.4883,1907,68.6
1.55529E+12,2019-04-15,ZEC/USDT,69.6,70.28,65.4,67.45,6269.86479,427509.4732,2323,67.84
1.55537E+12,2019-04-16,ZEC/USDT,67.42,69.48,66.76,68.98,4636.8703,314649.5576,1564,68.12
1.55546E+12,2019-04-17,ZEC/USDT,68.98,71.47,67.45,70.09,5366.13533,371547.9069,2017,69.46
1.55555E+12,2019-04-18,ZEC/USDT,70.25,71.75,69.6,70.26,7158.85162,506410.1622,2400,70.675
1.55563E+12,2019-04-19,ZEC/USDT,70.26,70.28,68.8,69.23,3597.43307,250539.3663,1470,69.54
1.55572E+12,2019-04-20,ZEC/USDT,69.4,69.98,68.34,69.35,3127.81037,216781.8055,1011,69.16
1.5558E+12,2019-04-21,ZEC/USDT,69.5,69.6,66.09,67.91,4550.43867,307446.3582,1571,67.845
1.55589E+12,2019-04-22,ZEC/USDT,68.11,70.17,65.92,68.76,5441.6022,371791.0102,2063,68.045
1.55598E+12,2019-04-23,ZEC/USDT,68.95,70.97,66.45,66.45,6335.42537,437343.3573,2271,68.71
1.55606E+12,2019-04-24,ZEC/USDT,66.64,67.09,61.87,65.26,8735.95642,561888.7268,2483,64.48
1.55615E+12,2019-04-25,ZEC/USDT,65.18,66.19,60.31,61.89,5757.95567,365016.1976,1902,63.25
1.55624E+12,2019-04-26,ZEC/USDT,61.93,64.72,59.17,61.88,12366.6649,760447.399,2798,61.945
1.55632E+12,2019-04-27,ZEC/USDT,62.01,62.75,60.19,61.55,5146.66358,314281.5709,1314,61.47
1.55641E+12,2019-04-28,ZEC/USDT,61.56,62.57,60.36,60.6,2733.98514,167934.7287,851,61.465
1.5565E+12,2019-04-29,ZEC/USDT,60.42,60.79,57.05,57.89,5610.84906,330354.2,1483,58.92
1.55658E+12,2019-04-30,ZEC/USDT,57.89,60.85,57.3,60.66,5564.06161,328794.5774,1423,59.075
1.55667E+12,2019-05-01,ZEC/USDT,60.47,61.67,59.6,61.06,4083.6477,247006.4035,1405,60.635
1.55676E+12,2019-05-02,ZEC/USDT,61.13,61.3,59.55,60.03,5073.04145,305794.3011,1555,60.425
1.55684E+12,2019-05-03,ZEC/USDT,60.03,63.97,59.87,62.85,7085.86616,439970.7738,2279,61.92
1.55693E+12,2019-05-04,ZEC/USDT,62.95,64.27,58.62,60.94,5132.99776,313707.1812,1753,61.445
1.55701E+12,2019-05-05,ZEC/USDT,60.9,60.98,58.85,59.59,3381.71042,202784.4814,1000,59.915
1.5571E+12,2019-05-06,ZEC/USDT,59.73,61.3,58.61,60.07,8874.41975,534702.287,2276,59.955
1.55719E+12,2019-05-07,ZEC/USDT,60.36,61.68,57.31,57.64,8917.77956,535923.0047,2311,59.495
1.55727E+12,2019-05-08,ZEC/USDT,57.82,58.43,56.72,58.25,3416.85328,197374.2176,1130,57.575
1.55736E+12,2019-05-09,ZEC/USDT,58.33,59.09,55.5,56.58,7693.60889,437512.2923,1761,57.295
1.55745E+12,2019-05-10,ZEC/USDT,56.62,58.03,55.98,57.46,6732.30301,386430.6233,1977,57.005
1.55753E+12,2019-05-11,ZEC/USDT,57.51,65.7,57.23,63.08,13979.3599,852193.7688,3700,61.465
1.55762E+12,2019-05-12,ZEC/USDT,63.19,65,58.39,60.67,11371.24473,706533.9492,3173,61.695
1.55771E+12,2019-05-13,ZEC/USDT,60.67,65.9,59.82,63.58,11496.17316,726939.9389,3377,62.86
1.55779E+12,2019-05-14,ZEC/USDT,63.48,69,62.88,67.51,18708.29392,1245294.309,5158,65.94
1.55788E+12,2019-05-15,ZEC/USDT,67.51,77.38,67.51,77,12140.04615,892877.4642,4347,72.445
1.55796E+12,2019-05-16,ZEC/USDT,77.14,82.18,70.89,75.26,30460.10947,2332460.914,9027,76.535
1.55805E+12,2019-05-17,ZEC/USDT,74.83,75.91,66.04,73.34,21276.9366,1503436.345,6954,70.975
1.55814E+12,2019-05-18,ZEC/USDT,73.45,74.24,70.08,71.91,6902.57432,500429.249,3069,72.16
1.55822E+12,2019-05-19,ZEC/USDT,71.89,78.93,71.87,77.6,12258.0987,929914.7224,3938,75.4
1.55831E+12,2019-05-20,ZEC/USDT,77.57,77.89,72.07,75.95,14181.82209,1070955.983,4614,74.98
1.5584E+12,2019-05-21,ZEC/USDT,75.84,76.57,73.44,74.51,16332.14803,1219642.673,3837,75.005
1.55848E+12,2019-05-22,ZEC/USDT,74.41,75.46,68.95,69.73,10244.61884,746742.8268,3622,72.205
1.55857E+12,2019-05-23,ZEC/USDT,69.77,72.32,67.5,71.91,9911.59178,695107.6717,2412,69.91
1.55866E+12,2019-05-24,ZEC/USDT,71.93,74.52,71.38,72.38,4985.89852,364543.5142,2032,72.95
1.55874E+12,2019-05-25,ZEC/USDT,72.31,73.75,71.43,72.3,3955.03882,286427.6689,1232,72.59
1.55883E+12,2019-05-26,ZEC/USDT,72.09,76.24,70.21,75.32,9162.2528,669697.6696,3220,73.225
1.55892E+12,2019-05-27,ZEC/USDT,75.1,78.04,74.25,76.22,11406.89226,864496.9914,4127,76.145
1.559E+12,2019-05-28,ZEC/USDT,76.34,89,76.11,85.12,37276.84361,3136489.97,10055,82.555
1.55909E+12,2019-05-29,ZEC/USDT,85.07,88.24,79,85.08,20863.05051,1751482.562,6778,83.62
1.55917E+12,2019-05-30,ZEC/USDT,84.89,98.36,80.09,82.99,71249.86717,6407703.606,17466,89.225
1.55926E+12,2019-05-31,ZEC/USDT,82.94,90.86,82.49,90.2,27580.39007,2387367.029,7573,86.675
1.55935E+12,2019-06-01,ZEC/USDT,90.19,92.51,83.58,86.17,17879.98042,1569082.816,6157,88.045
1.55943E+12,2019-06-02,ZEC/USDT,86.46,89.73,85.3,88.86,16001.00953,1404850.548,4809,87.515
1.55952E+12,2019-06-03,ZEC/USDT,88.87,88.87,81.17,83.63,26116.18473,2249049.478,6664,85.02
1.55961E+12,2019-06-04,ZEC/USDT,83.38,89.27,75.59,77.69,28460.41089,2321949.947,7732,82.43
1.55969E+12,2019-06-05,ZEC/USDT,77.83,80.56,76.59,80.41,13299.61318,1041932.77,3651,78.575
1.55978E+12,2019-06-06,ZEC/USDT,80.5,81.12,76.2,79.65,10912.96883,863151.7101,2616,78.66
1.55987E+12,2019-06-07,ZEC/USDT,79.65,84.6,79.19,83.13,11754.60977,965866.0038,3716,81.895
1.55995E+12,2019-06-08,ZEC/USDT,83.26,84.22,80,80.44,22070.24733,1787930.634,4746,82.11
1.56004E+12,2019-06-09,ZEC/USDT,80.24,80.8,75.39,77.35,16558.3549,1297838.492,4426,78.095
1.56012E+12,2019-06-10,ZEC/USDT,77.2,81.2,76.14,80.12,10283.07538,815050.2122,3235,78.67
1.56021E+12,2019-06-11,ZEC/USDT,79.97,80.18,77,79.5,6915.52731,545334.5236,2299,78.59
1.5603E+12,2019-06-12,ZEC/USDT,79.56,92.02,78.82,91.1,33700.71467,2908092.965,10145,85.42
1.56038E+12,2019-06-13,ZEC/USDT,91.24,91.71,86.29,87.84,24301.77903,2157002.022,6065,89
1.56047E+12,2019-06-14,ZEC/USDT,87.87,95.98,86.96,90.68,38452.10581,3480842.017,10023,91.47
1.56056E+12,2019-06-15,ZEC/USDT,90.77,93.63,90.05,92.08,17835.5805,1635997.187,5416,91.84
1.56064E+12,2019-06-16,ZEC/USDT,92.08,94.74,90.95,93.51,16347.67369,1516991.187,5822,92.845
1.56073E+12,2019-06-17,ZEC/USDT,93.35,105.23,93.35,102.09,42563.8688,4210044.218,13176,99.29
1.56082E+12,2019-06-18,ZEC/USDT,101.99,113.84,99.44,111.95,88862.67271,9540462.139,22424,106.64
1.5609E+12,2019-06-19,ZEC/USDT,111.96,115.41,106.85,110.66,51184.36177,5712706.538,13876,111.13
1.56099E+12,2019-06-20,ZEC/USDT,110.81,111.1,105.67,109.39,22544.85979,2438359.823,6542,108.385
1.56108E+12,2019-06-21,ZEC/USDT,109.58,114.37,107.7,109.75,31068.3757,3446716.271,9430,111.035
1.56116E+12,2019-06-22,ZEC/USDT,109.75,117.56,108.46,113.51,39615.65945,4481864.569,12572,113.01
1.56125E+12,2019-06-23,ZEC/USDT,113.35,115.09,109.3,110.25,25442.14518,2875295.495,7541,112.195
1.56133E+12,2019-06-24,ZEC/USDT,110.34,110.77,104.6,109.19,19588.79011,2120010.919,7048,107.685
1.56142E+12,2019-06-25,ZEC/USDT,109.08,110,103.29,105.57,24424.1713,2605678.069,14514,106.645
1.56151E+12,2019-06-26,ZEC/USDT,105.76,125.79,105.4,114.12,66012.03275,7511713.587,22673,115.595
1.56159E+12,2019-06-27,ZEC/USDT,113.82,114.49,97.61,106.96,40675.29052,4291921.438,17159,106.05
1.56168E+12,2019-06-28,ZEC/USDT,106.78,116.39,105.84,111.97,36625.84674,4132612.823,12388,111.115
1.56177E+12,2019-06-29,ZEC/USDT,112.13,114.6,105.86,113.89,17768.53222,1972689.446,7306,110.23
1.56185E+12,2019-06-30,ZEC/USDT,114.11,114.52,103.11,103.3,17084.58782,1859941.363,7236,108.815
1.56194E+12,2019-07-01,ZEC/USDT,103.44,107.25,96.9,103.72,20016.86322,2052710.051,7476,102.075
1.56203E+12,2019-07-02,ZEC/USDT,104.17,104.44,96.05,101.54,20067.19158,2004333.06,7647,100.245
1.56211E+12,2019-07-03,ZEC/USDT,101.71,106.15,101.25,105.82,11714.02387,1216097.911,6122,103.7
1.5622E+12,2019-07-04,ZEC/USDT,105.59,106,100.04,100.87,12055.56225,1240140.932,4942,103.02
1.56228E+12,2019-07-05,ZEC/USDT,100.8,103.37,98.5,99.99,10188.5831,1023490.133,4751,100.935
1.56237E+12,2019-07-06,ZEC/USDT,100.18,106.12,100.03,103.76,10662.15924,1095217.147,5035,103.075
1.56246E+12,2019-07-07,ZEC/USDT,103.7,106.49,102.31,106.45,7961.36546,826565.4889,3919,104.4
1.56254E+12,2019-07-08,ZEC/USDT,106.21,106.98,103.88,105.03,10284.34757,1082966.256,4115,105.43
1.56263E+12,2019-07-09,ZEC/USDT,105,106.52,98.5,100.73,16984.01061,1737896.523,6002,102.51
1.56272E+12,2019-07-10,ZEC/USDT,100.74,104.99,94.36,97.02,28281.8063,2818701.685,9246,99.675
1.5628E+12,2019-07-11,ZEC/USDT,97.04,97.04,86.5,88.12,17374.17957,1566660.084,7035,91.77
1.56289E+12,2019-07-12,ZEC/USDT,88.07,93.07,85.73,93.04,13135.23425,1176924.492,5121,89.4
1.56298E+12,2019-07-13,ZEC/USDT,93.06,93.57,86.43,89.84,11668.1649,1042467.3,6698,90
1.56306E+12,2019-07-14,ZEC/USDT,89.8,90.05,79.54,82.29,25977.71761,2181933.606,14681,84.795
1.56315E+12,2019-07-15,ZEC/USDT,82.29,82.45,75.83,80.37,29569.14645,2329046.896,14827,79.14
1.56324E+12,2019-07-16,ZEC/USDT,80.32,82.13,63.76,67.05,33712.63262,2404379.187,13015,72.945
1.56332E+12,2019-07-17,ZEC/USDT,67.04,76.83,65.44,73.79,24303.83064,1712894.276,10817,71.135
1.56341E+12,2019-07-18,ZEC/USDT,74.05,80.64,72.44,79.04,19915.63287,1527808.067,7156,76.54
1.56349E+12,2019-07-19,ZEC/USDT,79.02,79.77,71.35,75.55,31518.94931,2364939.629,17922,75.56
1.56358E+12,2019-07-20,ZEC/USDT,75.55,79.78,74.4,77.71,16920.73158,1303028.826,10413,77.09
1.56367E+12,2019-07-21,ZEC/USDT,77.67,78,73.44,75.37,7560.91007,570942.6809,3281,75.72
1.56375E+12,2019-07-22,ZEC/USDT,75.54,76.51,71.11,72.99,8120.56666,599202.3022,3501,73.81
1.56384E+12,2019-07-23,ZEC/USDT,72.94,73.39,69.23,70.59,9182.25588,652958.7486,3806,71.31
1.56393E+12,2019-07-24,ZEC/USDT,70.52,71.59,67.9,70.99,9414.60384,657348.561,3473,69.745
1.56401E+12,2019-07-25,ZEC/USDT,70.78,72.6,69.6,69.94,7782.72942,554565.2124,3009,71.1
1.5641E+12,2019-07-26,ZEC/USDT,69.95,72.13,69.22,71.32,7402.91278,526899.7354,2575,70.675
1.56419E+12,2019-07-27,ZEC/USDT,71.26,73.29,68.23,69.12,10211.05487,713510.555,2949,70.76
1.56427E+12,2019-07-28,ZEC/USDT,69.03,69.88,65.47,68.72,4944.87758,338244.8976,1973,67.675
1.56436E+12,2019-07-29,ZEC/USDT,68.78,69.79,66.38,67.38,6682.49063,457193.4566,2390,68.085
1.56444E+12,2019-07-30,ZEC/USDT,67.32,67.61,65.5,66.67,6951.76253,463146.887,2092,66.555
1.56453E+12,2019-07-31,ZEC/USDT,66.54,68.76,66.28,68.12,11090.37855,746734.8407,2949,67.52
1.56462E+12,2019-08-01,ZEC/USDT,68.14,68.4,66.27,67.61,8783.84126,588483.736,2593,67.335
1.5647E+12,2019-08-02,ZEC/USDT,67.61,68.48,65.38,66.41,10856.64577,727807.4021,2836,66.93
1.56479E+12,2019-08-03,ZEC/USDT,66.57,67.39,64.58,65.15,18820.25545,1232259.303,5859,65.985
1.56488E+12,2019-08-04,ZEC/USDT,65.14,66.76,63.15,65.73,11297.92008,729863.3752,3277,64.955
1.56496E+12,2019-08-05,ZEC/USDT,65.73,67.99,65.73,66.71,18428.04015,1233426.725,5350,66.86
1.56505E+12,2019-08-06,ZEC/USDT,66.77,67.33,61.13,62.47,15375.57602,998408.3516,5302,64.23
1.56514E+12,2019-08-07,ZEC/USDT,62.48,63.61,60.57,62.18,12382.5132,769888.2691,4058,62.09
1.56522E+12,2019-08-08,ZEC/USDT,62.31,67.16,60.67,62.38,32286.08954,2053657.425,8520,63.915
1.56531E+12,2019-08-09,ZEC/USDT,62.61,62.61,57.93,58.77,13893.57329,832569.885,3792,60.27
1.5654E+12,2019-08-10,ZEC/USDT,58.77,59.28,55.73,56.71,11836.54089,678184.0983,3492,57.505
1.56548E+12,2019-08-11,ZEC/USDT,56.7,60.57,56.68,59.91,11059.12908,649716.663,3743,58.625
1.56557E+12,2019-08-12,ZEC/USDT,60.01,60.08,56.73,56.85,9349.54748,540529.3123,2981,58.405
1.56565E+12,2019-08-13,ZEC/USDT,56.85,57.13,54.93,55.45,10870.87645,608758.2603,3501,56.03
1.56574E+12,2019-08-14,ZEC/USDT,55.51,57.17,50.3,50.56,20502.62299,1120667.212,5993,53.735
1.56583E+12,2019-08-15,ZEC/USDT,50.63,51.54,49.4,50.57,11658.85269,587032.6158,2857,50.47
1.56591E+12,2019-08-16,ZEC/USDT,50.57,51.15,48.3,48.88,9923.32973,490725.8547,2802,49.725
1.566E+12,2019-08-17,ZEC/USDT,48.85,50.25,47.52,50.01,8245.92255,402431.8522,2174,48.885
1.56609E+12,2019-08-18,ZEC/USDT,50.03,53.45,50.03,52.62,8869.36723,460256.1306,2671,51.74
1.56617E+12,2019-08-19,ZEC/USDT,52.68,54.48,51.67,54.3,8255.24315,439809.9628,2478,53.075
1.56626E+12,2019-08-20,ZEC/USDT,54.28,54.28,51.38,51.99,4953.55801,259906.3839,1456,52.83
1.56635E+12,2019-08-21,ZEC/USDT,51.93,52.05,48.32,49.79,8702.62653,432906.9804,2379,50.185
1.56643E+12,2019-08-22,ZEC/USDT,50.01,51.29,48.16,50.77,7890.4187,395902.6798,2299,49.725
1.56652E+12,2019-08-23,ZEC/USDT,50.61,51.5,50,50.85,7166.17322,363350.6457,2007,50.75
1.5666E+12,2019-08-24,ZEC/USDT,51,51.4,48.98,50.1,4715.91865,234999.4806,1441,50.19
1.56669E+12,2019-08-25,ZEC/USDT,50.24,51.23,49.5,50.15,7167.52976,360075.621,1510,50.365
1.56678E+12,2019-08-26,ZEC/USDT,50.26,53.59,50.26,51.47,12350.57536,639725.4603,3722,51.925
1.56686E+12,2019-08-27,ZEC/USDT,51.56,51.6,50.06,50.5,6345.38425,320504.0323,1438,50.83
1.56695E+12,2019-08-28,ZEC/USDT,50.43,50.49,45.71,46.42,6841.65045,328057.3648,2145,48.1
1.56704E+12,2019-08-29,ZEC/USDT,46.45,46.57,43.77,44.98,11929.53193,539186.4819,2215,45.17
1.56712E+12,2019-08-30,ZEC/USDT,44.97,45.34,43.73,44.54,5860.17271,260494.2049,1617,44.535
1.56721E+12,2019-08-31,ZEC/USDT,44.51,45.11,43.94,44.6,3172.20716,141193.6762,996,44.525
1.5673E+12,2019-09-01,ZEC/USDT,44.66,45.62,44.33,45.21,3540.93311,159316.3807,949,44.975
1.56738E+12,2019-09-02,ZEC/USDT,45.23,47.55,44.71,46.82,7076.35045,326240.4437,1709,46.13
1.56747E+12,2019-09-03,ZEC/USDT,46.82,46.95,45.08,45.7,13634.99818,628257.6616,2901,46.015
1.56756E+12,2019-09-04,ZEC/USDT,45.49,46.07,44.49,44.83,6748.89295,304507.4185,2004,45.28
1.56764E+12,2019-09-05,ZEC/USDT,44.83,45.33,44.6,44.98,5720.53375,256808.8911,1426,44.965
1.56773E+12,2019-09-06,ZEC/USDT,44.9,47.02,44.21,45.86,13564.6797,618127.1576,3186,45.615
1.56781E+12,2019-09-07,ZEC/USDT,45.89,47.25,45.08,46.98,8770.14977,404852.9094,2005,46.165
1.5679E+12,2019-09-08,ZEC/USDT,47,48.66,47,48.28,9104.86341,435532.2394,2158,47.83
1.56799E+12,2019-09-09,ZEC/USDT,48.28,48.31,45.36,47.1,13557.15287,634438.6942,2774,46.835
1.56807E+12,2019-09-10,ZEC/USDT,46.98,47.43,44.53,44.93,7219.79532,331457.2135,1936,45.98
1.56816E+12,2019-09-11,ZEC/USDT,44.93,45.68,44.06,44.32,5449.78035,243356.3791,1626,44.87
1.56825E+12,2019-09-12,ZEC/USDT,44.39,44.82,43.48,44.6,5230.21905,231470.2681,1312,44.15
1.56833E+12,2019-09-13,ZEC/USDT,44.52,44.73,43.65,44.65,10178.23588,448914.9794,1709,44.19
1.56842E+12,2019-09-14,ZEC/USDT,44.63,46.84,44.34,46.19,6776.29153,308091.1799,1757,45.59
1.56851E+12,2019-09-15,ZEC/USDT,46.25,47.61,45.64,46.63,8409.9252,392110.6876,1890,46.625
1.56859E+12,2019-09-16,ZEC/USDT,46.63,49.93,46.61,48.62,12755.0571,617584.0684,2813,48.27
1.56868E+12,2019-09-17,ZEC/USDT,48.65,51.35,47.47,50.64,13307.3546,658530.562,3538,49.41
1.56876E+12,2019-09-18,ZEC/USDT,50.75,53.36,50.14,52.74,16442.39035,852814.2265,4399,51.75
1.56885E+12,2019-09-19,ZEC/USDT,52.73,52.77,48.27,51.14,23662.54214,1175313.373,5515,50.52
1.56894E+12,2019-09-20,ZEC/USDT,51.19,51.33,47.76,48.87,14469.87389,710661.914,3274,49.545
1.56902E+12,2019-09-21,ZEC/USDT,48.86,49.29,47.53,47.7,6270.98812,302854.0031,1679,48.41
1.56911E+12,2019-09-22,ZEC/USDT,47.72,47.76,45.66,46.13,8622.55267,399557.6305,2320,46.71
1.5692E+12,2019-09-23,ZEC/USDT,46.13,46.19,43.47,44.09,15346.64963,692408.8457,3905,44.83
1.56928E+12,2019-09-24,ZEC/USDT,44.04,45.92,29.69,35.92,48838.41928,1836009.218,10928,37.805
1.56937E+12,2019-09-25,ZEC/USDT,35.83,39,33.56,37.91,81999.77963,2980560.954,15308,36.28
1.56946E+12,2019-09-26,ZEC/USDT,37.91,39.15,33.12,34.92,41520.17423,1497276.593,7925,36.135
1.56954E+12,2019-09-27,ZEC/USDT,34.94,38.05,34.4,37.47,35322.87513,1263987.91,7261,36.225
1.56963E+12,2019-09-28,ZEC/USDT,37.48,41.34,36.94,40.3,69265.11409,2726306.628,11105,39.14
1.56972E+12,2019-09-29,ZEC/USDT,40.35,40.53,36.26,37.74,25909.13818,978482.7684,6292,38.395
1.5698E+12,2019-09-30,ZEC/USDT,37.71,39.99,36.26,38.69,28505.18124,1082477.708,7642,38.125
1.56989E+12,2019-10-01,ZEC/USDT,38.69,39.6,37.76,38.18,16307.5959,628695.6689,5575,38.68
1.56997E+12,2019-10-02,ZEC/USDT,38.18,38.39,37.23,38.13,11220.06392,424463.9445,3859,37.81
1.57006E+12,2019-10-03,ZEC/USDT,38.13,38.3,36.41,37.23,9357.94696,349733.7656,3350,37.355
1.57015E+12,2019-10-04,ZEC/USDT,37.23,37.61,35.91,37.04,13991.63457,516990.1054,4354,36.76
1.57023E+12,2019-10-05,ZEC/USDT,37.06,37.13,36.3,36.85,6307.5912,231871.9342,2624,36.715
1.57032E+12,2019-10-06,ZEC/USDT,36.85,37.03,35.25,35.57,14031.72051,505996.1701,4826,36.14
1.57041E+12,2019-10-07,ZEC/USDT,35.56,37.97,35.14,37.4,31221.17793,1149048.978,7412,36.555
1.57049E+12,2019-10-08,ZEC/USDT,37.42,38.08,36,36.48,23617.81091,872119.2965,6400,37.04
1.57058E+12,2019-10-09,ZEC/USDT,36.5,38.27,36.1,37.99,27398.9084,1020681.406,7006,37.185
1.57067E+12,2019-10-10,ZEC/USDT,38,38.11,36.95,37.43,20123.38293,755037.6231,6269,37.53
1.57075E+12,2019-10-11,ZEC/USDT,37.46,38.28,35.91,36.07,33258.21814,1218716.635,8623,37.095
1.57084E+12,2019-10-12,ZEC/USDT,36.06,37.13,35.79,36.59,24114.59492,876477.1934,4970,36.46
1.57092E+12,2019-10-13,ZEC/USDT,36.55,37.46,36.31,36.9,18001.05436,664198.1966,4732,36.885
1.57101E+12,2019-10-14,ZEC/USDT,36.94,37.35,36.44,37.04,19095.20262,704358.6275,4048,36.895
1.5711E+12,2019-10-15,ZEC/USDT,37.04,37.68,36.63,36.82,24159.8787,893577.0813,5822,37.155
1.57118E+12,2019-10-16,ZEC/USDT,36.82,36.98,35.21,35.79,20340.34313,732721.6504,5374,36.095
1.57127E+12,2019-10-17,ZEC/USDT,35.78,36.83,35.5,36.13,21606.55914,782345.7254,4606,36.165
1.57136E+12,2019-10-18,ZEC/USDT,36.15,36.83,35.44,35.83,21391.10792,771503.4551,5198,36.135
1.57144E+12,2019-10-19,ZEC/USDT,35.83,36.5,35.36,35.89,14395.17412,517563.893,4377,35.93
1.57153E+12,2019-10-20,ZEC/USDT,35.9,36.71,35.51,36.32,12184.09907,439408.719,3827,36.11
1.57162E+12,2019-10-21,ZEC/USDT,36.3,36.96,35.91,36.7,18544.69527,675462.1034,19735,36.435
1.5717E+12,2019-10-22,ZEC/USDT,36.7,36.89,35.78,35.84,16112.79319,587769.8936,4877,36.335
1.57179E+12,2019-10-23,ZEC/USDT,35.82,35.94,31.85,32.91,54242.48548,1830413.423,12098,33.895
1.57188E+12,2019-10-24,ZEC/USDT,32.9,33.32,32.17,33.13,18079.69934,591968.921,5188,32.745
1.57196E+12,2019-10-25,ZEC/USDT,33.12,37.66,33.1,37.11,66399.48916,2372378.914,14230,35.38
1.57205E+12,2019-10-26,ZEC/USDT,37.13,38.98,35.37,36,76186.31738,2822059.983,19551,37.175
1.57213E+12,2019-10-27,ZEC/USDT,36.02,39.31,35.32,37.32,63638.67048,2373996.652,14481,37.315
1.57222E+12,2019-10-28,ZEC/USDT,37.32,42.21,37.31,37.79,109471.6264,4346998.526,20413,39.76
1.57231E+12,2019-10-29,ZEC/USDT,37.8,39.71,37.76,39.21,52265.5876,2025676.526,12080,38.735
1.57239E+12,2019-10-30,ZEC/USDT,39.21,39.61,37.35,38.37,41072.7746,1580144.641,9773,38.48
1.57248E+12,2019-10-31,ZEC/USDT,38.37,38.6,36.93,37.53,29721.40265,1121804.504,7227,37.765
1.57257E+12,2019-11-01,ZEC/USDT,37.54,37.87,36.83,37.66,24608.46426,918032.7897,5624,37.35
1.57265E+12,2019-11-02,ZEC/USDT,37.68,37.96,37.34,37.62,16532.48632,622575.5362,3714,37.65
1.57274E+12,2019-11-03,ZEC/USDT,37.61,37.8,36.68,37.03,16012.0809,593686.8202,3685,37.24
1.57283E+12,2019-11-04,ZEC/USDT,37.03,38.25,36.74,37.77,37918.77497,1424994.765,6543,37.495
1.57291E+12,2019-11-05,ZEC/USDT,37.76,39.26,37.13,38.68,54744.72253,2089949.735,9192,38.195
1.573E+12,2019-11-06,ZEC/USDT,38.69,39.52,38.21,38.82,43308.79047,1684517.645,8398,38.865
1.57308E+12,2019-11-07,ZEC/USDT,38.81,39.32,38.23,38.6,77003.13021,2987921.164,10490,38.775
1.57317E+12,2019-11-08,ZEC/USDT,38.62,38.9,35.97,36.43,47286.99327,1757180.448,8823,37.435
1.57326E+12,2019-11-09,ZEC/USDT,36.44,37.2,36.32,36.75,19005.66592,699343.6658,4164,36.76
1.57334E+12,2019-11-10,ZEC/USDT,36.74,38.33,36.21,37.58,59806.64545,2214677.507,10236,37.27
1.57343E+12,2019-11-11,ZEC/USDT,37.59,37.73,36.32,36.63,29385.96581,1086565.432,5723,37.025
1.57352E+12,2019-11-12,ZEC/USDT,36.62,37.41,36.29,36.84,29302.74313,1081186.824,5586,36.85
1.5736E+12,2019-11-13,ZEC/USDT,36.87,37.2,36.5,36.84,19347.4671,712239.1856,3184,36.85
1.57369E+12,2019-11-14,ZEC/USDT,36.86,36.97,35.99,36.4,19520.91056,710965.9454,4302,36.48
1.57378E+12,2019-11-15,ZEC/USDT,36.4,36.45,34.98,36.13,50105.42924,1795473.02,8014,35.715
1.57386E+12,2019-11-16,ZEC/USDT,36.12,36.25,35.68,35.86,17185.93689,617052.5307,3497,35.965
1.57395E+12,2019-11-17,ZEC/USDT,35.87,36.35,35.26,35.78,17822.12817,640102.1174,4168,35.805
1.57404E+12,2019-11-18,ZEC/USDT,35.77,36.03,33.81,34.66,24990.87954,878764.0211,5931,34.92
1.57412E+12,2019-11-19,ZEC/USDT,34.66,34.75,33.14,33.99,36688.96829,1239395.375,6848,33.945
1.57421E+12,2019-11-20,ZEC/USDT,33.98,34.63,33.56,33.75,38199.64536,1303493.229,5382,34.095
1.57429E+12,2019-11-21,ZEC/USDT,33.74,34.1,30.49,31.37,52838.60357,1710029.624,9025,32.295
1.57438E+12,2019-11-22,ZEC/USDT,31.36,31.82,27.68,29,65894.11229,1949033.501,15554,29.75
1.57447E+12,2019-11-23,ZEC/USDT,29,29.94,28.57,29.54,40584.13276,1191669.92,8775,29.255
1.57455E+12,2019-11-24,ZEC/USDT,29.55,29.79,27.06,27.26,37896.62942,1080819.796,8829,28.425
1.57464E+12,2019-11-25,ZEC/USDT,27.25,28.43,25.15,27.22,101595.2166,2726086.948,17233,26.79
1.57473E+12,2019-11-26,ZEC/USDT,27.21,28.3,27.11,28.22,34626.55427,958564.5045,9803,27.705
1.57481E+12,2019-11-27,ZEC/USDT,28.22,29.34,26.85,28.45,59240.20301,1669004.835,12877,28.095
1.5749E+12,2019-11-28,ZEC/USDT,28.46,29.37,28.09,28.59,31506.1876,905964.0352,9557,28.73
1.57499E+12,2019-11-29,ZEC/USDT,28.6,29.8,28.49,29.33,43862.99092,1276587.942,11141,29.145
1.57507E+12,2019-11-30,ZEC/USDT,29.33,29.5,28.21,29.01,31153.86428,900152.0779,6177,28.855
1.57516E+12,2019-12-01,ZEC/USDT,29,29,27.25,27.93,31946.33098,892433.353,7099,28.125
1.57524E+12,2019-12-02,ZEC/USDT,27.96,28.11,27.26,27.66,23805.81556,658686.9448,7023,27.685
1.57533E+12,2019-12-03,ZEC/USDT,27.67,28.02,27.01,27.3,32285.92051,886291.2362,7606,27.515
1.57542E+12,2019-12-04,ZEC/USDT,27.3,28.79,26.45,26.66,54682.55811,1490184.819,11901,27.62
1.5755E+12,2019-12-05,ZEC/USDT,26.68,30.78,26.61,30.17,142719.5903,4137043.366,20637,28.695
1.57559E+12,2019-12-06,ZEC/USDT,30.17,30.31,28.26,29.13,97148.91924,2838773.857,14722,29.285
1.57568E+12,2019-12-07,ZEC/USDT,29.13,30.23,29.11,29.5,43432.75237,1287402.557,9423,29.67
1.57576E+12,2019-12-08,ZEC/USDT,29.5,29.68,29,29.25,24050.17174,707193.1947,7358,29.34
1.57585E+12,2019-12-09,ZEC/USDT,29.25,32.27,28.92,30.93,136344.4475,4234697.284,23283,30.595
1.57594E+12,2019-12-10,ZEC/USDT,30.92,30.92,29.5,30.03,102853.4089,3099862.086,15454,30.21
1.57602E+12,2019-12-11,ZEC/USDT,30.04,32.18,29.93,31.37,135076.4983,4188173.079,24241,31.055
1.57611E+12,2019-12-12,ZEC/USDT,31.37,31.93,30.22,31.83,90221.3452,2799138.12,16321,31.075
1.5762E+12,2019-12-13,ZEC/USDT,31.82,33.71,30.76,33.28,148161.3505,4773088.309,22222,32.235
1.57628E+12,2019-12-14,ZEC/USDT,33.28,33.31,30.15,32.11,106347.1258,3419446.618,16476,31.73
1.57637E+12,2019-12-15,ZEC/USDT,32.11,33.55,31.39,32.89,115791.678,3754688.176,19438,32.47
1.57645E+12,2019-12-16,ZEC/USDT,32.89,33.01,29.1,29.52,161103.4859,4982368.654,25567,31.055
1.57654E+12,2019-12-17,ZEC/USDT,29.52,29.59,26.01,27.73,174482.4899,4868817.666,25926,27.8
1.57663E+12,2019-12-18,ZEC/USDT,27.72,29.93,25.91,29.3,110720.5275,3100531.838,23104,27.92
1.57671E+12,2019-12-19,ZEC/USDT,29.33,29.62,28,28.52,95677.04155,2736226.375,20166,28.81
1.5768E+12,2019-12-20,ZEC/USDT,28.53,28.68,27.9,28.36,37806.54261,1067346.27,8262,28.29
1.57689E+12,2019-12-21,ZEC/USDT,28.36,28.59,27.73,28.32,40500.97158,1139871.155,8298,28.16
1.57697E+12,2019-12-22,ZEC/USDT,28.32,29.3,28.19,29.09,66804.66869,1919198.428,13216,28.745
1.57706E+12,2019-12-23,ZEC/USDT,29.09,29.99,28.08,28.29,39967.48449,1160812.046,11562,29.035
1.57715E+12,2019-12-24,ZEC/USDT,28.29,28.6,27.78,28.06,27512.85766,774652.2905,8294,28.19
1.57723E+12,2019-12-25,ZEC/USDT,28.07,28.07,27.15,27.37,20972.88885,577311.7542,5573,27.61
1.57732E+12,2019-12-26,ZEC/USDT,27.37,28.58,27.07,27.61,35963.66264,994634.3438,9865,27.825
1.5774E+12,2019-12-27,ZEC/USDT,27.61,27.79,27.12,27.62,21536.48151,591108.701,7255,27.455
1.57749E+12,2019-12-28,ZEC/USDT,27.62,28.45,27.59,28.16,26039.3673,733041.6354,7367,28.02
1.57758E+12,2019-12-29,ZEC/USDT,28.15,29.81,27.92,29.14,38633.49727,1111939.719,13890,28.865
1.57766E+12,2019-12-30,ZEC/USDT,29.16,29.17,28.25,28.35,28611.52375,820719.6194,7484,28.71
1.57775E+12,2019-12-31,ZEC/USDT,28.34,28.36,27.47,27.54,17794.01051,497189.5243,6598,27.915
1.57784E+12,2020-01-01,ZEC/USDT,27.52,28.35,27.37,28.07,21929.63069,611908.9458,7835,27.86
1.57792E+12,2020-01-02,ZEC/USDT,28.06,28.1,26.64,27.02,26163.59399,713848.2067,7773,27.37
1.57801E+12,2020-01-03,ZEC/USDT,27.02,28.69,26.75,28.41,50723.0192,1416240.16,15447,27.72
1.5781E+12,2020-01-04,ZEC/USDT,28.47,30.4,28.03,29.91,45486.98255,1321965.402,12674,29.215
1.57818E+12,2020-01-05,ZEC/USDT,29.91,32.01,29.81,30.81,90434.77489,2781137.148,21337,30.91
1.57827E+12,2020-01-06,ZEC/USDT,30.81,33.25,30.5,32.86,86025.09344,2757564.668,17359,31.875
1.57836E+12,2020-01-07,ZEC/USDT,32.86,33.21,30.72,32.24,97297.36007,3099590.343,19801,31.965
1.57844E+12,2020-01-08,ZEC/USDT,32.24,33.14,30.02,30.88,65174.58483,2058746.985,15942,31.58
1.57853E+12,2020-01-09,ZEC/USDT,30.86,32.02,30.15,30.83,55708.85747,1721730.078,14246,31.085
1.57861E+12,2020-01-10,ZEC/USDT,30.83,34.7,30.01,33.69,132574.7603,4332765.412,32446,32.355
1.5787E+12,2020-01-11,ZEC/USDT,33.72,36.76,33.25,34.88,164154.6787,5706604.909,29718,35.005
1.57879E+12,2020-01-12,ZEC/USDT,34.87,36.39,34.53,35.52,116777.9835,4133407.478,21074,35.46
1.57887E+12,2020-01-13,ZEC/USDT,35.52,38.64,34.57,38.32,209510.2932,7707593.804,37784,36.605
1.57896E+12,2020-01-14,ZEC/USDT,38.32,45.74,38.05,43.83,481225.4869,20331920.26,85476,41.895
1.57905E+12,2020-01-15,ZEC/USDT,43.81,59,43,54.97,703162.524,36530610.19,173653,51
1.57913E+12,2020-01-16,ZEC/USDT,55,55.77,47.61,50.8,284208.8089,14263911.83,63046,51.69
1.57922E+12,2020-01-17,ZEC/USDT,50.78,65.96,48.93,61.54,479690.2206,27777726.32,97028,57.445
1.57931E+12,2020-01-18,ZEC/USDT,61.5,62.69,51,51.16,403444.3095,22603358.39,93742,56.845
1.57939E+12,2020-01-19,ZEC/USDT,51.17,54.9,48.12,51.56,311212.3586,15883882.52,77189,51.51
1.57948E+12,2020-01-20,ZEC/USDT,51.6,56.02,48.87,53.68,234973.8283,12352776.72,60210,52.445
1.57956E+12,2020-01-21,ZEC/USDT,53.67,54.16,50.79,53.26,143581.114,7610105.918,35677,52.475
1.57965E+12,2020-01-22,ZEC/USDT,53.24,54.16,51.35,52.21,101496.2726,5345301.632,31714,52.755
1.57974E+12,2020-01-23,ZEC/USDT,52.21,52.28,48.22,49.6,102880.2267,5151125.795,32223,50.25
1.57982E+12,2020-01-24,ZEC/USDT,49.58,50.89,46.22,48.82,106859.8719,5174114.398,32087,48.555
1.57991E+12,2020-01-25,ZEC/USDT,48.8,49.75,47.88,48.72,58724.04594,2850156.276,21485,48.815
1.58E+12,2020-01-26,ZEC/USDT,48.71,54.51,48.18,53.65,159011.0544,8253117.559,43981,51.345
1.58008E+12,2020-01-27,ZEC/USDT,53.67,58.08,53.65,55.18,184192.136,10290432.59,48603,55.865
1.58017E+12,2020-01-28,ZEC/USDT,55.17,57.09,53.76,56.74,159010.5203,8819950.924,41600,55.425
1.58026E+12,2020-01-29,ZEC/USDT,56.72,64.5,56.33,61.74,284499.2537,17284933.42,66951,60.415
1.58034E+12,2020-01-30,ZEC/USDT,61.71,70.42,59.68,66.3,329165.6043,21834963.48,80161,65.05
1.58043E+12,2020-01-31,ZEC/USDT,66.34,69.38,62.23,66.51,264827.9778,17348495.7,70514,65.805
1.58052E+12,2020-02-01,ZEC/USDT,66.52,69.25,64.73,66.03,138981.4029,9312359.12,39280,66.99
1.5806E+12,2020-02-02,ZEC/USDT,66.02,68,63.57,66.36,149031.6324,9802201.267,38287,65.785
1.58069E+12,2020-02-03,ZEC/USDT,66.4,68.4,64.8,65.52,90900.09051,6031855.375,24755,66.6
1.58077E+12,2020-02-04,ZEC/USDT,65.46,66.11,62.28,64.34,129254.1948,8290307.123,35123,64.195
1.58086E+12,2020-02-05,ZEC/USDT,64.33,72.97,63.58,71.19,203093.5277,13954410.88,68573,68.275
1.58095E+12,2020-02-06,ZEC/USDT,71.19,72.84,68.43,70.14,174752.1312,12342013.73,53751,70.635
1.58103E+12,2020-02-07,ZEC/USDT,70.18,71.93,67.46,68.38,190143.7876,13200541.7,56119,69.695
1.58112E+12,2020-02-08,ZEC/USDT,68.38,72.07,65.91,70.02,151777.9681,10612696.84,50538,68.99
1.58121E+12,2020-02-09,ZEC/USDT,70.01,72.65,68.88,71.33,132482.627,9384141.464,40788,70.765
1.58129E+12,2020-02-10,ZEC/USDT,71.29,71.5,67.81,69.77,185555.3077,12902046.58,57847,69.655
1.58138E+12,2020-02-11,ZEC/USDT,69.77,72.99,68.01,72.68,164041.1482,11546579.81,51383,70.5
1.58147E+12,2020-02-12,ZEC/USDT,72.7,75,72.27,73.12,148411.3094,10927042.15,53946,73.635
1.58155E+12,2020-02-13,ZEC/USDT,73.11,75.82,69.95,72.01,164018.4526,11882069.6,55694,72.885
1.58164E+12,2020-02-14,ZEC/USDT,72.01,73.1,70.57,72.92,85192.54334,6129504.209,31689,71.835
1.58172E+12,2020-02-15,ZEC/USDT,72.92,72.97,63.19,64.46,164973.6998,11191056.51,54684,68.08
1.58181E+12,2020-02-16,ZEC/USDT,64.47,66.51,54.07,60,275355.528,16720817.13,90875,60.29
1.5819E+12,2020-02-17,ZEC/USDT,60.01,66.13,54.76,64.2,324330.6906,19507620.63,99059,60.445
1.58198E+12,2020-02-18,ZEC/USDT,64.2,66.26,59.92,65.74,253961.7882,16145896.72,60109,63.09
1.58207E+12,2020-02-19,ZEC/USDT,65.75,68.78,61.22,62.1,112157.3871,7316890.837,37587,65
1.58216E+12,2020-02-20,ZEC/USDT,62.09,64.11,57.93,60.79,173773.321,10591435.08,56679,61.02
1.58224E+12,2020-02-21,ZEC/USDT,60.77,63.84,59.88,61.56,89755.11095,5556795.029,33056,61.86
1.58233E+12,2020-02-22,ZEC/USDT,61.56,62.27,60,60.73,81461.47549,4968403.088,28453,61.135
1.58242E+12,2020-02-23,ZEC/USDT,60.75,63.7,60.72,63.32,92053.08759,5779674.869,29473,62.21
1.5825E+12,2020-02-24,ZEC/USDT,63.29,64.28,58.82,60.7,100003.4767,6131659.948,39505,61.55
1.58259E+12,2020-02-25,ZEC/USDT,60.7,60.88,56.04,57.06,135448.2515,7870179.718,43609,58.46
1.58268E+12,2020-02-26,ZEC/USDT,57.06,58,48.11,51.33,235296.6637,12357119.61,69921,53.055
1.58276E+12,2020-02-27,ZEC/USDT,51.36,55.07,47.96,52.96,224335.8982,11706144.44,61118,51.515
1.58285E+12,2020-02-28,ZEC/USDT,52.99,54.13,48.59,50.83,199339.6083,10132751.94,54982,51.36
1.58293E+12,2020-02-29,ZEC/USDT,50.82,52.11,48.9,48.96,145358.0189,7361607.911,36983,50.505
1.58302E+12,2020-03-01,ZEC/USDT,48.94,51.5,48.04,49.1,127737.6867,6377313.698,37074,49.77
1.58311E+12,2020-03-02,ZEC/USDT,49.06,52.91,48.82,52.33,90824.60707,4633019.785,27284,50.865
1.58319E+12,2020-03-03,ZEC/USDT,52.38,52.41,49.8,50.78,83209.35024,4240394.348,24978,51.105
1.58328E+12,2020-03-04,ZEC/USDT,50.79,51.5,48.92,50.17,61835.69884,3106756.701,17928,50.21
1.58337E+12,2020-03-05,ZEC/USDT,50.17,53.18,50.17,51.84,99946.31143,5184229.775,25238,51.675
1.58345E+12,2020-03-06,ZEC/USDT,51.83,53.53,51.01,53.3,90785.01989,4735563.668,18094,52.27
1.58354E+12,2020-03-07,ZEC/USDT,53.3,53.5,50.26,50.59,57118.73274,2958401.652,16001,51.88
1.58363E+12,2020-03-08,ZEC/USDT,50.59,50.59,42.03,42.83,196135.9618,8972862.232,49909,46.31
1.58371E+12,2020-03-09,ZEC/USDT,42.82,44.16,38.73,42.18,221636.886,9242735.145,60540,41.445
1.5838E+12,2020-03-10,ZEC/USDT,42.18,42.58,40.25,41.4,117207.902,4887277.037,33206,41.415
1.58388E+12,2020-03-11,ZEC/USDT,41.41,42.12,37.31,40.24,98629.64999,3917421.396,28894,39.715
1.58397E+12,2020-03-12,ZEC/USDT,40.24,40.39,24.17,25.45,449359.1962,13276410.23,106144,32.28
1.58406E+12,2020-03-13,ZEC/USDT,25.45,29.74,17.13,27.34,582130.4389,14345772.71,142995,23.435
1.58414E+12,2020-03-14,ZEC/USDT,27.33,27.65,24.59,24.95,329701.5527,8643034.689,70879,26.12
1.58423E+12,2020-03-15,ZEC/USDT,24.94,26.98,24.58,25.68,216819.6659,5569966.727,50084,25.78
1.58432E+12,2020-03-16,ZEC/USDT,25.67,26.25,21.3,24.68,349043.236,8160063.68,88408,23.775
1.5844E+12,2020-03-17,ZEC/USDT,24.65,25.71,23.93,25.06,258333.6379,6448058.942,58466,24.82
1.58449E+12,2020-03-18,ZEC/USDT,25.05,29.99,24.33,29.73,318215.9824,8420416.137,71508,27.16
1.58458E+12,2020-03-19,ZEC/USDT,29.71,33.78,28.14,31.95,371372.5339,11274472.53,89779,30.96
1.58466E+12,2020-03-20,ZEC/USDT,31.95,36.21,29.65,33.08,316101.0932,10468580.38,89662,32.93
1.58475E+12,2020-03-21,ZEC/USDT,33.09,35.58,31.98,33.03,258902.343,8653208.475,73382,33.78
1.58484E+12,2020-03-22,ZEC/USDT,33.01,35.51,29,29.49,202874.8775,6439095.072,51429,32.255
1.58492E+12,2020-03-23,ZEC/USDT,29.49,33.09,29,32.05,171600.9837,5346628.057,45785,31.045
1.58501E+12,2020-03-24,ZEC/USDT,32.04,33.17,31.77,32.79,142020.4866,4608152.161,35956,32.47
1.58509E+12,2020-03-25,ZEC/USDT,32.76,32.87,30.8,32.2,119825.5449,3823863.432,30287,31.835
1.58518E+12,2020-03-26,ZEC/USDT,32.21,32.56,31.17,32.46,90133.19241,2860959.723,22898,31.865
1.58527E+12,2020-03-27,ZEC/USDT,32.47,32.94,30.81,31.01,125312.5375,4029912.904,30903,31.875
1.58535E+12,2020-03-28,ZEC/USDT,31.01,31.01,29,30.38,123995.7062,3719021.415,27290,30.005
1.58544E+12,2020-03-29,ZEC/USDT,30.38,30.51,28.21,28.22,84379.08764,2469525.936,18707,29.36
1.58553E+12,2020-03-30,ZEC/USDT,28.21,31.59,28.21,30.54,117966.7922,3565781.31,25408,29.9
1.58561E+12,2020-03-31,ZEC/USDT,30.53,31.79,30.18,30.9,100924.5646,3114056.783,19318,30.985
1.5857E+12,2020-04-01,ZEC/USDT,30.91,31.65,29.74,31.32,98798.51532,3031495.121,21916,30.695
1.58579E+12,2020-04-02,ZEC/USDT,31.32,33.91,31,32.23,120427.2491,3868502.097,27016,32.455
1.58587E+12,2020-04-03,ZEC/USDT,32.23,33.24,31.61,32.66,115186.5969,3749271.786,22809,32.425
1.58596E+12,2020-04-04,ZEC/USDT,32.66,33.54,31.92,33.03,123950.3648,4056736.134,21265,32.73
1.58604E+12,2020-04-05,ZEC/USDT,33.03,33.39,31.89,32.52,72215.77278,2373483.888,12623,32.64
1.58613E+12,2020-04-06,ZEC/USDT,32.53,37.68,32.49,37.56,288607.6068,10385713.94,41965,35.085
1.58622E+12,2020-04-07,ZEC/USDT,37.54,38.45,35.31,36.45,212806.302,7878318.495,38648,36.88
1.5863E+12,2020-04-08,ZEC/USDT,36.44,38.22,36.29,37.86,144238.3518,5381095.05,26986,37.255
1.58639E+12,2020-04-09,ZEC/USDT,37.87,42.19,37.61,40.71,274137.5921,10859515.37,45293,39.9
1.58648E+12,2020-04-10,ZEC/USDT,40.73,41.23,34.4,36.62,463626.3519,17066549.12,71450,37.815
1.58656E+12,2020-04-11,ZEC/USDT,36.63,37.54,35.3,36.2,180466.1265,6564576.669,27358,36.42
1.58665E+12,2020-04-12,ZEC/USDT,36.24,37.99,35.23,36.38,149782.4742,5496998.029,20838,36.61
1.58674E+12,2020-04-13,ZEC/USDT,36.34,36.34,34.62,35.75,162291.9861,5729600.607,24203,35.48
1.58682E+12,2020-04-14,ZEC/USDT,35.71,36.28,35.05,35.51,83695.44902,2992907.904,15684,35.665
1.58691E+12,2020-04-15,ZEC/USDT,35.51,36.22,34.76,35.08,112826.0455,3998076.138,18443,35.49
1.587E+12,2020-04-16,ZEC/USDT,35.06,40.16,33.87,38.74,339427.0395,12942252.18,54021,37.015
1.58708E+12,2020-04-17,ZEC/USDT,38.76,41.4,38.04,40.4,116601.4145,4588978.825,21867,39.72
1.58717E+12,2020-04-18,ZEC/USDT,40.33,42.62,40.28,42.13,164788.5676,6840143.035,28765,41.45
1.58725E+12,2020-04-19,ZEC/USDT,42.14,47.56,41.6,46.44,370485.855,16653607.98,65019,44.58
1.58734E+12,2020-04-20,ZEC/USDT,46.44,48.83,40.92,41.89,571796.7646,25885763.11,91769,44.875
1.58743E+12,2020-04-21,ZEC/USDT,41.91,43.5,40.51,42.09,373963.9241,15774426.98,59105,42.005
1.58751E+12,2020-04-22,ZEC/USDT,42.08,45.59,41.81,45.53,213823.0423,9405646.408,38105,43.7
1.5876E+12,2020-04-23,ZEC/USDT,45.52,46.59,43.74,44.46,242475.8754,10909689.89,48659,45.165
1.58769E+12,2020-04-24,ZEC/USDT,44.48,45.33,43.87,44.08,104624.4825,4667686.267,26745,44.6
1.58777E+12,2020-04-25,ZEC/USDT,44.08,45.96,43.35,44.7,121787.5716,5454605.711,31639,44.655
1.58786E+12,2020-04-26,ZEC/USDT,44.69,45.5,43.88,44.59,99451.79403,4442073.844,27364,44.69
1.58795E+12,2020-04-27,ZEC/USDT,44.59,45,42.36,44.46,123886.5614,5432104.077,32785,43.68
1.58803E+12,2020-04-28,ZEC/USDT,44.47,44.73,42.99,44.62,127223.4996,5594036.83,30021,43.86
1.58812E+12,2020-04-29,ZEC/USDT,44.63,47.72,44.56,47.07,271203.2476,12462589.7,61057,46.14
1.5882E+12,2020-04-30,ZEC/USDT,47.08,49,44.04,44.76,304871.5275,14182421.87,68585,46.52
1.58829E+12,2020-05-01,ZEC/USDT,44.73,46.5,44.7,45.73,115418.854,5266389.337,38152,45.6
1.58838E+12,2020-05-02,ZEC/USDT,45.72,46.8,45.05,46.5,59416.71159,2721061.93,22245,45.925
1.58846E+12,2020-05-03,ZEC/USDT,46.52,46.95,44.61,44.78,86548.9359,3958237.327,20095,45.78
1.58855E+12,2020-05-04,ZEC/USDT,44.77,44.92,42.21,44.02,114745.8784,4996948.284,20725,43.565
1.58864E+12,2020-05-05,ZEC/USDT,43.98,44.86,43.15,43.84,71182.58812,3134680.85,15822,44.005
1.58872E+12,2020-05-06,ZEC/USDT,43.82,44.76,42.12,42.3,80351.57554,3527794.175,18181,43.44
1.58881E+12,2020-05-07,ZEC/USDT,42.29,44.84,41.33,44.17,127005.2171,5497680.614,22152,43.085
1.5889E+12,2020-05-08,ZEC/USDT,44.17,47.5,43.44,46.76,153440.6492,6961698.546,29375,45.47
1.58898E+12,2020-05-09,ZEC/USDT,46.78,47.5,44.71,45,135836.7297,6250222.734,26298,46.105
1.58907E+12,2020-05-10,ZEC/USDT,44.99,45.05,38.72,40.9,221942.723,9141590.296,33314,41.885
1.58916E+12,2020-05-11,ZEC/USDT,40.87,41.78,37.85,39.68,156382.5454,6250621.35,20886,39.815
1.58924E+12,2020-05-12,ZEC/USDT,39.7,42.93,39.56,42.21,127588.8181,5331642.85,18024,41.245
1.58933E+12,2020-05-13,ZEC/USDT,42.19,43.44,41.41,42.89,72566.54258,3086358.316,11180,42.425
1.58941E+12,2020-05-14,ZEC/USDT,42.89,43.59,41.98,43.2,99315.84695,4267901.691,14365,42.785
1.5895E+12,2020-05-15,ZEC/USDT,43.18,43.43,41.4,41.87,84542.04138,3587738.185,12653,42.415
1.58959E+12,2020-05-16,ZEC/USDT,41.88,42.96,41.61,42.51,94758.42378,4031806.43,11188,42.285
1.58967E+12,2020-05-17,ZEC/USDT,42.5,47.5,42.45,46.25,245850.4317,11213490.1,34702,44.975
1.58976E+12,2020-05-18,ZEC/USDT,46.25,49.63,46.22,48.07,286614.0953,13831078.21,36645,47.925
1.58985E+12,2020-05-19,ZEC/USDT,48.1,49,46.41,48.97,169681.9315,8063845.521,26971,47.705
1.58993E+12,2020-05-20,ZEC/USDT,48.95,50.45,46.56,48.39,214827.786,10527527.88,27136,48.505
1.59002E+12,2020-05-21,ZEC/USDT,48.36,48.8,44.41,46,195565.0593,9107351.654,26995,46.605
1.59011E+12,2020-05-22,ZEC/USDT,45.97,48.37,45.36,47.7,140667.9519,6646238.079,21515,46.865
1.59019E+12,2020-05-23,ZEC/USDT,47.68,48.42,46.56,46.91,62282.40636,2952904.94,10914,47.49
1.59028E+12,2020-05-24,ZEC/USDT,46.89,47.82,44.95,45,80511.09555,3742810.362,15055,46.385
1.59036E+12,2020-05-25,ZEC/USDT,44.99,46.08,44.83,45.94,69875.09053,3174831.241,10213,45.455
1.59045E+12,2020-05-26,ZEC/USDT,45.98,46.2,44.15,44.85,88439.48643,3997267.364,13063,45.175
1.59054E+12,2020-05-27,ZEC/USDT,44.84,46.26,44.44,46.21,85189.50163,3884328.549,14173,45.35
1.59062E+12,2020-05-28,ZEC/USDT,46.21,47.73,45.77,47.73,69062.69642,3218112.685,13241,46.75
1.59071E+12,2020-05-29,ZEC/USDT,47.74,48.01,46.14,46.6,65165.74701,3067700.814,11191,47.075
1.5908E+12,2020-05-30,ZEC/USDT,46.63,56.39,46.21,54.55,298240.8608,15430036.17,44758,51.3
1.59088E+12,2020-05-31,ZEC/USDT,54.55,55.72,50.62,51.51,236350.785,12602345.07,40599,53.17
1.59097E+12,2020-06-01,ZEC/USDT,51.53,55.03,50.84,54.65,192336.4125,10123536.75,30994,52.935
1.59106E+12,2020-06-02,ZEC/USDT,54.7,55.37,50.16,51.48,208835.9729,11025311.32,29822,52.765
1.59114E+12,2020-06-03,ZEC/USDT,51.5,53.11,50.42,52.83,124259.8876,6409404.496,18536,51.765
1.59123E+12,2020-06-04,ZEC/USDT,52.88,53.45,50.94,52.24,84456.25772,4411948.969,15643,52.195
1.59132E+12,2020-06-05,ZEC/USDT,52.19,54.42,51.97,52.57,118203.0094,6302074.942,21791,53.195
1.5914E+12,2020-06-06,ZEC/USDT,52.56,53.86,51.81,52.83,72909.6273,3837219.811,12610,52.835
1.59149E+12,2020-06-07,ZEC/USDT,52.82,53.15,50.59,52.21,69689.71555,3610597.039,12564,51.87
1.59157E+12,2020-06-08,ZEC/USDT,52.23,52.61,51.52,52.5,56876.61185,2964071.486,11704,52.065
1.59166E+12,2020-06-09,ZEC/USDT,52.5,53.51,51,51.98,74642.31255,3887405.88,13630,52.255
1.59175E+12,2020-06-10,ZEC/USDT,51.99,55.51,51.76,55.21,148338.9968,8013934.959,25052,53.635
1.59183E+12,2020-06-11,ZEC/USDT,55.19,55.53,49.02,49.64,194244.952,10131169.93,30676,52.275
1.59192E+12,2020-06-12,ZEC/USDT,49.63,52.49,48.24,51.61,117138.0059,5953473.034,17774,50.365
1.59201E+12,2020-06-13,ZEC/USDT,51.61,53.04,50.82,52.81,67057.7259,3471035.065,11771,51.93
1.59209E+12,2020-06-14,ZEC/USDT,52.81,52.98,50.48,51.1,59972.11993,3090063.534,10446,51.73
1.59218E+12,2020-06-15,ZEC/USDT,51.06,53.15,48.21,52.2,161500.2648,8183631.224,29100,50.68
1.59227E+12,2020-06-16,ZEC/USDT,52.2,53.8,51.74,52.97,109676.0624,5792670.415,18812,52.77
1.59235E+12,2020-06-17,ZEC/USDT,52.97,53.56,51.57,52.91,74637.31188,3928529.127,13887,52.565
1.59244E+12,2020-06-18,ZEC/USDT,52.91,53.38,51.21,51.95,55588.00972,2919364.079,11383,52.295
1.59252E+12,2020-06-19,ZEC/USDT,51.95,52.44,50.88,51.41,54267.30426,2800858.266,10947,51.66
1.59261E+12,2020-06-20,ZEC/USDT,51.39,51.68,50.24,51.4,43184.02837,2204976.825,8489,50.96
1.5927E+12,2020-06-21,ZEC/USDT,51.41,52.11,50.17,50.51,50446.63973,2587281.773,10305,51.14
1.59278E+12,2020-06-22,ZEC/USDT,50.5,53.67,50.3,53.53,98544.08906,5175401.956,17468,51.985
1.59287E+12,2020-06-23,ZEC/USDT,53.52,63.04,52.43,58.23,405043.8188,23092284.88,70711,57.735
1.59296E+12,2020-06-24,ZEC/USDT,58.24,59.65,53.2,55.2,311980.073,17649340.37,48362,56.425
1.59304E+12,2020-06-25,ZEC/USDT,55.16,56.84,53.02,55.81,156304.1917,8666148.035,24089,54.93
1.59313E+12,2020-06-26,ZEC/USDT,55.83,56.76,54.44,55.7,130497.2717,7268002.676,20691,55.6
1.59322E+12,2020-06-27,ZEC/USDT,55.7,55.74,50.85,52.24,139596.3533,7470881.111,20911,53.295
1.5933E+12,2020-06-28,ZEC/USDT,52.22,54,51.01,51.81,181805.1092,9560369.626,23276,52.505
1.59339E+12,2020-06-29,ZEC/USDT,51.82,53.46,51.41,52.42,185930.9536,9720511.667,27495,52.435
1.59348E+12,2020-06-30,ZEC/USDT,52.44,52.73,50.92,51.44,117478.6241,6099667.29,17024,51.825
1.59356E+12,2020-07-01,ZEC/USDT,51.43,52.5,51.17,51.86,107712.8768,5580093.348,16149,51.835
1.59365E+12,2020-07-02,ZEC/USDT,51.85,53.69,49.64,51.18,216227.3665,11177604.76,31753,51.665
1.59373E+12,2020-07-03,ZEC/USDT,51.16,51.88,50.6,51.11,110236.7128,5650191.813,15865,51.24
1.59382E+12,2020-07-04,ZEC/USDT,51.1,51.84,50.64,51.43,89767.30718,4599051.773,13053,51.24
1.59391E+12,2020-07-05,ZEC/USDT,51.42,51.63,50.04,51.16,77594.45786,3947755.374,12502,50.835
1.59399E+12,2020-07-06,ZEC/USDT,51.2,55.92,51.16,55.55,169445.7523,9091663.633,26142,53.54
1.59408E+12,2020-07-07,ZEC/USDT,55.54,55.91,53.61,55.08,105273.7657,5757827.055,19322,54.76
1.59417E+12,2020-07-08,ZEC/USDT,55.09,58.79,54.26,57.94,196681.7337,11305758.66,36523,56.525
1.59425E+12,2020-07-09,ZEC/USDT,57.93,58.87,55.52,56.86,126479.7033,7217926.834,24336,57.195
1.59434E+12,2020-07-10,ZEC/USDT,56.86,56.89,54.12,56.07,87610.19183,4854466.43,17745,55.505
1.59443E+12,2020-07-11,ZEC/USDT,56.1,56.68,54.99,55.84,72865.60253,4058372.525,13014,55.835
1.59451E+12,2020-07-12,ZEC/USDT,55.82,61.1,55.77,58.65,246742.2096,14342304.91,39560,58.435
1.5946E+12,2020-07-13,ZEC/USDT,58.7,63.95,58.52,61.26,353065.4905,21812341.71,59149,61.235
1.59468E+12,2020-07-14,ZEC/USDT,61.26,63.03,58.85,62.02,182144.0193,11077185.57,31290,60.94
1.59477E+12,2020-07-15,ZEC/USDT,62.03,63.16,60.39,61.14,175563.2069,10857657.18,30585,61.775
1.59486E+12,2020-07-16,ZEC/USDT,61.14,61.72,57.11,59.1,199644.6061,11820931.46,32747,59.415
1.59494E+12,2020-07-17,ZEC/USDT,59.09,60.38,57.89,59.5,148038.8185,8750953.267,24569,59.135
1.59503E+12,2020-07-18,ZEC/USDT,59.49,59.91,58.04,59.06,86914.0463,5110908.755,16492,58.975
1.59512E+12,2020-07-19,ZEC/USDT,59.06,59.48,56.79,58.38,83685.37427,4842998.867,16980,58.135
1.5952E+12,2020-07-20,ZEC/USDT,58.39,58.58,56.86,57.05,85821.78851,4958987.486,19000,57.72
1.59529E+12,2020-07-21,ZEC/USDT,57.05,62.6,56.88,62.45,187634.0507,11395836.66,37676,59.74
1.59538E+12,2020-07-22,ZEC/USDT,62.41,64.77,60.83,64.28,202688.6392,12655520.09,36833,62.8
1.59546E+12,2020-07-23,ZEC/USDT,64.27,65,62.84,63.51,116787.5647,7439656.37,24876,63.92
1.59555E+12,2020-07-24,ZEC/USDT,63.5,64.72,61.65,63.01,165385.9776,10406158.79,31233,63.185
1.59564E+12,2020-07-25,ZEC/USDT,63.01,66.09,62.86,65.69,147549.6743,9466217.373,29232,64.475
1.59572E+12,2020-07-26,ZEC/USDT,65.7,67.26,63.76,66.15,196560.4973,12868028.27,38166,65.51
1.59581E+12,2020-07-27,ZEC/USDT,66.18,72.35,66.13,70.77,353054.1753,24399812.62,71686,69.24
1.59589E+12,2020-07-28,ZEC/USDT,70.8,73.42,68.43,70.57,195825.286,13914297.36,45312,70.925
1.59598E+12,2020-07-29,ZEC/USDT,70.6,74.4,70.15,72.13,225725.1179,16399733.26,44374,72.275
1.59607E+12,2020-07-30,ZEC/USDT,72.12,72.59,69.48,70.48,177255.7309,12570036,36488,71.035
1.59615E+12,2020-07-31,ZEC/USDT,70.51,74.95,70.3,74.9,203173.6131,14754879.2,47201,72.625
1.59624E+12,2020-08-01,ZEC/USDT,74.9,95,73.96,89.37,655401.0635,55452473.08,127332,84.48
1.59633E+12,2020-08-02,ZEC/USDT,89.43,91.31,73.65,84.31,743770.8162,62880138.85,158926,82.48
1.59641E+12,2020-08-03,ZEC/USDT,84.27,85.94,81.31,82.3,331263.2864,27807512.4,58855,83.625
1.5965E+12,2020-08-04,ZEC/USDT,82.33,85.31,80.17,84.93,212735.2536,17604771.72,42485,82.74
1.59659E+12,2020-08-05,ZEC/USDT,84.94,98.07,84.92,97.46,512489.7464,46869848.08,102402,91.495
1.59667E+12,2020-08-06,ZEC/USDT,97.46,102.74,92.01,96.75,495676.2,48121228.95,100723,97.375
1.59676E+12,2020-08-07,ZEC/USDT,96.77,97.65,87.05,94.42,402314.4916,37849253.01,80169,92.35
1.59684E+12,2020-08-08,ZEC/USDT,94.41,99.18,91.78,97.08,209024.5809,19967175.92,46559,95.48
1.59693E+12,2020-08-09,ZEC/USDT,97.06,97.45,89.48,92.01,217400.1614,20325534.16,47063,93.465
1.59702E+12,2020-08-10,ZEC/USDT,92.02,95.48,87.82,89.01,282726.0413,25905199.23,64413,91.65
1.5971E+12,2020-08-11,ZEC/USDT,89.02,90.06,78.56,80.88,411959.8721,34669227.55,89945,84.31
1.59719E+12,2020-08-12,ZEC/USDT,80.88,84.89,76.2,83.52,439763.9002,35694715.27,99172,80.545
1.59728E+12,2020-08-13,ZEC/USDT,83.55,88,77.37,87.4,426046.2822,34760584.87,91577,82.685
1.59736E+12,2020-08-14,ZEC/USDT,87.35,87.79,82.89,85.03,277856.411,23672101.74,65123,85.34
1.59745E+12,2020-08-15,ZEC/USDT,84.98,88.55,83.73,85.12,287565.1079,24665477.21,68450,86.14
1.59754E+12,2020-08-16,ZEC/USDT,85.14,86.44,81.06,85.3,276974.6388,23378646.87,77783,83.75
1.59762E+12,2020-08-17,ZEC/USDT,85.3,90.29,82.87,86.74,371666.612,32060167.3,96200,86.58
1.59771E+12,2020-08-18,ZEC/USDT,86.74,88.93,82,83.14,306993.214,26320468.85,75481,85.465
1.5978E+12,2020-08-19,ZEC/USDT,83.15,84.55,72.73,76.3,442712.4649,34854691.49,93168,78.64
1.59788E+12,2020-08-20,ZEC/USDT,76.3,80.09,75.53,78.87,267234.2197,20875031.73,48601,77.81
1.59797E+12,2020-08-21,ZEC/USDT,78.86,81.53,73.15,73.56,341536.94,26535866.36,78782,77.34
1.59805E+12,2020-08-22,ZEC/USDT,73.52,77.93,71.5,76.88,206926.5625,15420701.58,44419,74.715
1.59814E+12,2020-08-23,ZEC/USDT,76.86,84.5,74.2,84.36,323197.0735,25656939.03,70775,79.35
1.59823E+12,2020-08-24,ZEC/USDT,84.4,84.78,78.9,80.26,229856.6953,18686327.82,51108,81.84
1.59831E+12,2020-08-25,ZEC/USDT,80.27,82.56,71.19,72.93,539701.0608,40783728.56,98383,76.875
1.5984E+12,2020-08-26,ZEC/USDT,72.93,77.1,72.86,75,310801.2459,23347632.08,56758,74.98
1.59849E+12,2020-08-27,ZEC/USDT,74.99,75.56,70.29,72.13,295518.8741,21565984.09,53815,72.925
1.59857E+12,2020-08-28,ZEC/USDT,72.19,77.07,71,76.24,240097.8357,17923899.24,47433,74.035
1.59866E+12,2020-08-29,ZEC/USDT,76.2,80.73,74.92,78.68,189400.8774,14742272.46,40825,77.825
1.59875E+12,2020-08-30,ZEC/USDT,78.66,82.48,77.99,81.11,235604.6669,18873276.43,49339,80.235
1.59883E+12,2020-08-31,ZEC/USDT,81.14,81.61,77.23,78.29,171079.7388,13530870.3,37844,79.42
1.59892E+12,2020-09-01,ZEC/USDT,78.28,85.98,77.45,83.17,328788.3424,26872486.45,69239,81.715
1.599E+12,2020-09-02,ZEC/USDT,83.16,84.69,71.87,75.9,313861.2084,24327751.63,70386,78.28
1.59909E+12,2020-09-03,ZEC/USDT,75.88,76.36,50.56,56.77,616897.2027,40826556.72,118696,63.46
1.59918E+12,2020-09-04,ZEC/USDT,56.76,61.57,53.69,59.64,625991.1018,36648571.22,111893,57.63
1.59926E+12,2020-09-05,ZEC/USDT,59.65,60.81,51.5,55.98,472037.9766,26210649.58,79494,56.155
1.59935E+12,2020-09-06,ZEC/USDT,56,60.25,54.52,58.92,405333.9815,23221200.42,67593,57.385
1.59944E+12,2020-09-07,ZEC/USDT,58.9,63.15,55.14,61.86,434788.8878,25595115.04,90624,59.145
1.59952E+12,2020-09-08,ZEC/USDT,61.86,64.34,56.72,58.69,424574.3999,25593848.34,65746,60.53
1.59961E+12,2020-09-09,ZEC/USDT,58.63,61.41,57.35,59.92,184798.9252,11053900.03,30116,59.38
1.5997E+12,2020-09-10,ZEC/USDT,59.93,62.83,59.7,62.07,224790.9189,13760251.77,38480,61.265
1.59978E+12,2020-09-11,ZEC/USDT,62.07,63.87,58.69,63.32,264786.5091,16228741.09,45213,61.28
1.59987E+12,2020-09-12,ZEC/USDT,63.32,66.98,62.12,65.68,231042.2745,14844764.77,37840,64.55
1.59996E+12,2020-09-13,ZEC/USDT,65.7,66.31,60.93,62.54,203598.2777,12904858,39577,63.62
1.60004E+12,2020-09-14,ZEC/USDT,62.54,64.29,60.8,63.28,144946.7981,9101583.708,28825,62.545
1.60013E+12,2020-09-15,ZEC/USDT,63.24,65,58.68,59.4,190500.298,11827138.64,38548,61.84
1.60021E+12,2020-09-16,ZEC/USDT,59.37,59.44,56.89,58.34,224350.221,13019610.7,43331,58.165
1.6003E+12,2020-09-17,ZEC/USDT,58.35,60.03,57.38,59.65,142090.0248,8335645.788,28374,58.705
1.60039E+12,2020-09-18,ZEC/USDT,59.65,59.92,57.05,57.9,136403.5174,7995785.788,23051,58.485
1.60047E+12,2020-09-19,ZEC/USDT,57.89,59.33,57.3,57.97,108482.1206,6312806.933,17347,58.315
1.60056E+12,2020-09-20,ZEC/USDT,57.97,58.17,55.17,57.6,179309.5821,10210209.68,27885,56.67
1.60065E+12,2020-09-21,ZEC/USDT,57.6,58.5,51.55,51.63,181717.3986,9915269,34715,55.025
1.60073E+12,2020-09-22,ZEC/USDT,51.62,54.03,51.14,53.31,138306.2582,7294774.965,23849,52.585
1.60082E+12,2020-09-23,ZEC/USDT,53.31,53.86,50.31,51.84,131560.7292,6884306.673,23088,52.085
1.60091E+12,2020-09-24,ZEC/USDT,51.85,55.37,51.17,55.16,158714.6148,8513867.329,23957,53.27
1.60099E+12,2020-09-25,ZEC/USDT,55.14,55.97,53.35,54.87,137930.7194,7532982.377,23701,54.66
1.60108E+12,2020-09-26,ZEC/USDT,54.87,56.85,54.01,56.2,120486.2337,6648648.657,21775,55.43
1.60116E+12,2020-09-27,ZEC/USDT,56.18,56.91,53.7,55.55,141064.0021,7787454.357,23950,55.305
1.60125E+12,2020-09-28,ZEC/USDT,55.56,58.39,55.54,56.22,199049.848,11348318.13,32586,56.965
1.60134E+12,2020-09-29,ZEC/USDT,56.2,62.3,55.97,61.25,248650.6237,14662731.95,44700,59.135
1.60142E+12,2020-09-30,ZEC/USDT,61.26,64.62,59.54,64.1,214341.4718,13185001.06,38638,62.08
1.60151E+12,2020-10-01,ZEC/USDT,64.1,68.49,61.87,64.67,406945.6507,26642060.61,70744,65.18
1.6016E+12,2020-10-02,ZEC/USDT,64.65,66.52,58.41,63.85,401879.683,25101419.59,64309,62.465
1.60168E+12,2020-10-03,ZEC/USDT,63.86,63.94,60.45,60.73,175228.7024,10973073.66,26952,62.195
1.60177E+12,2020-10-04,ZEC/USDT,60.74,63.53,59.03,63.12,149322.4618,9186545.966,27080,61.28
1.60186E+12,2020-10-05,ZEC/USDT,63.11,66.16,61.76,65.76,159715.4704,10170899.22,25784,63.96
1.60194E+12,2020-10-06,ZEC/USDT,65.82,66.3,60.08,61.48,199666.4095,12591372.05,37204,63.19
1.60203E+12,2020-10-07,ZEC/USDT,61.44,62.31,59.51,61.48,171402.9106,10476504.04,29829,60.91
1.60212E+12,2020-10-08,ZEC/USDT,61.49,63.39,58.77,61.99,193793.5285,11882942.14,34755,61.08
1.6022E+12,2020-10-09,ZEC/USDT,61.98,65.05,60.2,63.52,258915.8269,16194052.74,43484,62.625
1.60229E+12,2020-10-10,ZEC/USDT,63.5,67.77,63.45,66.79,246236.406,16085674.05,42217,65.61
1.60237E+12,2020-10-11,ZEC/USDT,66.76,73.6,66.34,72.46,408660.083,28633679.72,69230,69.97
1.60246E+12,2020-10-12,ZEC/USDT,72.46,75.75,70.23,72.93,398286.0997,29216373.62,72013,72.99
1.60255E+12,2020-10-13,ZEC/USDT,72.9,73.37,68.33,70.07,272774.5865,19319698.26,46925,70.85
1.60263E+12,2020-10-14,ZEC/USDT,70.09,71.39,67.19,68.75,219596.0798,15203127.62,40855,69.29
1.60272E+12,2020-10-15,ZEC/USDT,68.77,68.79,65.37,68.24,303582.7472,20436404.06,49956,67.08
1.60281E+12,2020-10-16,ZEC/USDT,68.24,69.83,60.83,62.59,382686.3548,24480364.81,62534,65.33
1.60289E+12,2020-10-17,ZEC/USDT,62.57,63.47,60.92,62.99,170841.0246,10638299.63,29087,62.195
1.60298E+12,2020-10-18,ZEC/USDT,62.97,64.5,62.5,64.42,101464.2764,6418855.867,20567,63.5
1.60307E+12,2020-10-19,ZEC/USDT,64.44,65.6,62,64.08,204675.8061,13055442.16,35878,63.8
1.60315E+12,2020-10-20,ZEC/USDT,64.06,65,56.5,57.85,277810.3904,16990213.35,52974,60.75
1.60324E+12,2020-10-21,ZEC/USDT,57.84,64.76,57.5,62.72,288370.9507,17896994.83,53214,61.13
1.60332E+12,2020-10-22,ZEC/USDT,62.67,67.11,62.6,65.54,262644.4497,17081842.17,54736,64.855
1.60341E+12,2020-10-23,ZEC/USDT,65.52,65.54,60.68,63.26,221102.7998,14056115.14,44552,63.11
1.6035E+12,2020-10-24,ZEC/USDT,63.23,65.65,61.59,64.14,173358.3797,10964747.02,32940,63.62
1.60358E+12,2020-10-25,ZEC/USDT,64.16,65.03,61.92,62.77,151737.6837,9602880.606,31794,63.475
1.60367E+12,2020-10-26,ZEC/USDT,62.68,63.82,58.45,60.2,247258.6069,15133131.2,43179,61.135
1.60376E+12,2020-10-27,ZEC/USDT,60.2,62.1,59.86,61.2,175850.8542,10724939.89,33319,60.98
1.60384E+12,2020-10-28,ZEC/USDT,61.15,61.58,55.15,56.8,271428.5288,15920192.68,43313,58.365
1.60393E+12,2020-10-29,ZEC/USDT,56.79,57.88,54.53,56.87,189555.8553,10708616.5,32821,56.205
1.60402E+12,2020-10-30,ZEC/USDT,56.84,59.78,54.03,58.21,246568.3178,14094517.86,45666,56.905
1.6041E+12,2020-10-31,ZEC/USDT,58.21,59.38,57.31,58.16,149905.9914,8754038.995,29071,58.345
1.60419E+12,2020-11-01,ZEC/USDT,58.16,58.7,57.15,58.17,111226.3297,6429628.754,17853,57.925
1.60428E+12,2020-11-02,ZEC/USDT,58.21,59.3,54.55,54.77,180991.5063,10228509.05,29823,56.925
1.60436E+12,2020-11-03,ZEC/USDT,54.78,54.96,51.6,53.2,206052.6916,10898228.95,32597,53.28
1.60445E+12,2020-11-04,ZEC/USDT,53.21,54.59,51.91,54.09,184955.0814,9838808.198,29483,53.25
1.60453E+12,2020-11-05,ZEC/USDT,54.11,57.46,52.83,56.69,257735.4377,14173867.3,39846,55.145
1.60462E+12,2020-11-06,ZEC/USDT,56.71,61.64,56.31,61.57,283042.289,16538648.14,49116,58.975
1.60471E+12,2020-11-07,ZEC/USDT,61.57,62.89,55.67,57.4,393181.2979,23385524.73,62261,59.28
1.60479E+12,2020-11-08,ZEC/USDT,57.39,61.78,56.78,60.61,144750.4981,8615649.715,24814,59.28
1.60488E+12,2020-11-09,ZEC/USDT,60.57,61.09,55.73,58.42,251583.1934,14817902.13,38499,58.41
1.60497E+12,2020-11-10,ZEC/USDT,58.41,62.5,57.77,59.06,318622.746,19363354.26,53102,60.135
1.60505E+12,2020-11-11,ZEC/USDT,59.07,60.71,58.53,58.92,172076.774,10285407.13,27955,59.62
1.60514E+12,2020-11-12,ZEC/USDT,58.88,63.41,57.82,62.99,414669.9493,25586231.46,70096,60.615
1.60523E+12,2020-11-13,ZEC/USDT,62.99,66.02,61.64,65.8,322867.537,20593847.22,52256,63.83
1.60531E+12,2020-11-14,ZEC/USDT,65.8,65.88,61.45,63.9,301856.2384,19125532.49,50296,63.665
1.6054E+12,2020-11-15,ZEC/USDT,63.9,64.25,59.64,61.16,221477.8002,13721179.95,36979,61.945
1.60548E+12,2020-11-16,ZEC/USDT,61.13,67.35,60.53,64.55,336410.0464,21690918.79,55111,63.94
1.60557E+12,2020-11-17,ZEC/USDT,64.52,67.11,64.12,66.82,282115.0097,18488378.12,51035,65.615
1.60566E+12,2020-11-18,ZEC/USDT,66.8,67.82,60.17,63.17,459898.139,29224980.4,77272,63.995
1.60574E+12,2020-11-19,ZEC/USDT,63.17,64.04,60.35,62.38,301306.2266,18764234.39,48363,62.195
1.60583E+12,2020-11-20,ZEC/USDT,62.36,64.6,62.05,63.23,254819.1228,16119094.14,41836,63.325
1.60592E+12,2020-11-21,ZEC/USDT,63.2,73,62.4,72.62,700718.4844,47563535.36,97751,67.7
1.606E+12,2020-11-22,ZEC/USDT,72.65,73.99,65.05,68.79,632768.7739,43729583.48,97979,69.52
1.60609E+12,2020-11-23,ZEC/USDT,68.8,80.73,67.4,79.52,671981.8005,49692611.81,112740,74.065
1.60618E+12,2020-11-24,ZEC/USDT,79.51,90,76.03,86.8,960693.0449,78937053.56,162101,83.015
1.60626E+12,2020-11-25,ZEC/USDT,86.81,88.31,75.2,78.15,728874.2383,59970469.6,117263,81.755
1.60635E+12,2020-11-26,ZEC/USDT,78.06,79.88,63.42,70.16,901564.231,64168314.36,132674,71.65
1.60644E+12,2020-11-27,ZEC/USDT,70.18,71.34,66,69.5,246789.614,16897751.13,37293,68.67
1.60652E+12,2020-11-28,ZEC/USDT,69.55,76.48,68.88,75.31,312124.8315,22730720.32,48960,72.68
1.60661E+12,2020-11-29,ZEC/USDT,75.29,76.59,71.8,75.06,223615.4703,16581683.84,37307,74.195
1.60669E+12,2020-11-30,ZEC/USDT,75.11,79.95,73.6,78.91,329165.4159,25358214.67,56436,76.775
1.60678E+12,2020-12-01,ZEC/USDT,78.95,82.12,71.4,74.82,547564.917,42429227.57,109295,76.76
1.60687E+12,2020-12-02,ZEC/USDT,74.81,77.14,73.38,76.66,223551.6484,16829772.58,46968,75.26
1.60695E+12,2020-12-03,ZEC/USDT,76.62,77.13,74.26,75.69,183725.3101,13930825.47,32093,75.695
1.60704E+12,2020-12-04,ZEC/USDT,75.65,76.11,68.34,69.01,214581.743,15699169.58,47201,72.225
1.60713E+12,2020-12-05,ZEC/USDT,69,72.35,68.39,71.83,86155.78905,6119411.196,22567,70.37
1.60721E+12,2020-12-06,ZEC/USDT,71.83,74.99,69.93,74.61,125412.2691,9067230.939,25562,72.46
1.6073E+12,2020-12-07,ZEC/USDT,74.65,76.84,73.53,75.57,202837.486,15222964.72,43093,75.185
1.60739E+12,2020-12-08,ZEC/USDT,75.56,75.79,68.74,69.61,180111.6779,12983214.86,43147,72.265
1.60747E+12,2020-12-09,ZEC/USDT,69.53,71.02,65.5,69.38,223180.8965,15332245.37,45246,68.26
1.60756E+12,2020-12-10,ZEC/USDT,69.39,69.91,65.2,65.96,164672.0902,11046340.37,32445,67.555
1.60764E+12,2020-12-11,ZEC/USDT,66,66.15,62.49,63.71,156879.6732,10056943.1,32362,64.32
1.60773E+12,2020-12-12,ZEC/USDT,63.71,66.77,63.49,65.95,98199.3308,6433909.502,21525,65.13
1.60782E+12,2020-12-13,ZEC/USDT,66.03,69.43,65.2,68.25,148763.2267,10096635.9,32094,67.315
1.6079E+12,2020-12-14,ZEC/USDT,68.2,68.65,66.27,68,105432.6945,7114111.066,23684,67.46
1.60799E+12,2020-12-15,ZEC/USDT,68.04,69.15,66.37,67.63,100021.7094,6780868.638,26436,67.76
1.60808E+12,2020-12-16,ZEC/USDT,67.64,73.28,66.86,73.21,189107.8238,13295140.38,40213,70.07
1.60816E+12,2020-12-17,ZEC/USDT,73.18,77.99,72.24,74.28,303384.9613,22679207.38,63950,75.115
1.60825E+12,2020-12-18,ZEC/USDT,74.32,76.44,71.66,73.89,165083.7721,12227580.91,35937,74.05
1.60834E+12,2020-12-19,ZEC/USDT,73.89,76.16,73.01,73.5,146959.0731,10965276.77,31339,74.585
1.60842E+12,2020-12-20,ZEC/USDT,73.54,77.86,71.81,73.69,280028.8365,20950287.72,54351,74.835
1.60851E+12,2020-12-21,ZEC/USDT,73.72,77.74,67.55,67.77,293627.7023,21210841.61,58644,72.645
1.6086E+12,2020-12-22,ZEC/USDT,67.75,69.08,63.44,67.64,268453.7247,17894313.91,47502,66.26
1.60868E+12,2020-12-23,ZEC/USDT,67.62,68.58,46.98,55.42,462141.9519,27958458.14,76376,57.78
1.60877E+12,2020-12-24,ZEC/USDT,55.41,62.28,53.95,62.1,336398.211,19342790.91,57867,58.115
1.60885E+12,2020-12-25,ZEC/USDT,62.11,65.2,60.38,64.27,280321.5903,17723551.24,50174,62.79
1.60894E+12,2020-12-26,ZEC/USDT,64.29,70.27,63.52,66.56,285733.5504,18990338.79,52149,66.895
1.60903E+12,2020-12-27,ZEC/USDT,66.6,71.66,62.8,66.97,358971.7356,24121186.92,68969,67.23
1.60911E+12,2020-12-28,ZEC/USDT,66.95,71.43,66.2,69.04,245572.5494,16928713.43,49992,68.815
1.6092E+12,2020-12-29,ZEC/USDT,69.09,70.62,61.57,65.33,265016.7812,17296055.34,49706,66.095
1.60929E+12,2020-12-30,ZEC/USDT,65.38,66.3,62.86,64.09,158232.8306,10171573.37,35531,64.58
1.60937E+12,2020-12-31,ZEC/USDT,64.09,64.55,61.17,63.91,127119.3438,7980025.169,25838,62.86
1.60946E+12,2021-01-01,ZEC/USDT,63.96,67.24,54.38,56.6,823695.5768,49010999.45,137484,60.81
1.60955E+12,2021-01-02,ZEC/USDT,56.6,59.9,55.2,57.46,468375.7395,27027183.47,84889,57.55
1.60963E+12,2021-01-03,ZEC/USDT,57.48,61.88,56.22,59.35,358158.1348,20989871.36,62463,59.05
1.60972E+12,2021-01-04,ZEC/USDT,59.35,65,56.62,60.34,497967.9724,30049048.13,93062,60.81
1.6098E+12,2021-01-05,ZEC/USDT,60.34,61.17,57.91,59.64,231711.5641,13749124.88,60499,59.54
1.60989E+12,2021-01-06,ZEC/USDT,59.63,65.35,58.95,63.92,402336.2676,24994734.47,94187,62.15
1.60998E+12,2021-01-07,ZEC/USDT,63.92,74.32,62.93,67.75,824291.9748,56779148.86,174670,68.625
1.61006E+12,2021-01-08,ZEC/USDT,67.77,70.08,61.14,68.59,536970.7375,35746279.47,113960,65.61
1.61015E+12,2021-01-09,ZEC/USDT,68.62,80,65.77,78.44,524335.0589,38014139.08,115249,72.885
1.61024E+12,2021-01-10,ZEC/USDT,78.44,98.67,75.7,96.37,2044328.418,181695140.5,339795,87.185
1.61032E+12,2021-01-11,ZEC/USDT,96.45,108.97,77.59,88.24,2757618.581,251972281.4,454667,93.28
1.61041E+12,2021-01-12,ZEC/USDT,88.13,105.51,84.28,99.72,1481569.638,142971262.7,240829,94.895
1.6105E+12,2021-01-13,ZEC/USDT,99.73,120.69,92.47,117.35,1133276.738,121309827.6,199898,106.58
1.61058E+12,2021-01-14,ZEC/USDT,117.33,118.89,105.9,111.71,609032.2186,68878766.36,123786,112.395
1.61067E+12,2021-01-15,ZEC/USDT,111.72,114.95,94.43,103.25,655505.8709,69650636.18,137373,104.69
1.61076E+12,2021-01-16,ZEC/USDT,103.25,113.88,101.67,108.08,517457.162,55572190.7,117445,107.775
1.61084E+12,2021-01-17,ZEC/USDT,108.11,108.95,98.14,102.25,435650.5882,44856574,93774,103.545
1.61093E+12,2021-01-18,ZEC/USDT,102.15,106.44,100.1,103.98,348740.8963,36055897.35,70594,103.27
1.61101E+12,2021-01-19,ZEC/USDT,104.02,113.17,102.06,102.42,451971.8586,48018176.45,91760,107.615
1.6111E+12,2021-01-20,ZEC/USDT,102.43,103.99,90.57,98.99,505857.5331,49499733.03,102090,97.28
1.61119E+12,2021-01-21,ZEC/USDT,99.07,99.49,82.14,82.92,381246.6986,34389262.17,87269,90.815
1.61127E+12,2021-01-22,ZEC/USDT,82.99,91.64,76.13,86.94,364241.9111,30738344.52,72722,83.885
1.61136E+12,2021-01-23,ZEC/USDT,86.96,90.49,83.73,85.95,258752.0261,22454934.99,51292,87.11
1.61145E+12,2021-01-24,ZEC/USDT,85.96,92.38,84.96,90,307171.9096,27397632.86,60734,88.67
1.61153E+12,2021-01-25,ZEC/USDT,89.98,96.46,87.84,87.89,418978.3116,38654729.6,126757,92.15
1.61162E+12,2021-01-26,ZEC/USDT,87.88,90.35,83.74,89.26,366239.1449,31945248.28,128715,87.045
1.61171E+12,2021-01-27,ZEC/USDT,89.25,89.3,76.33,78.41,321826.1298,26250440.01,75467,82.815
1.61179E+12,2021-01-28,ZEC/USDT,78.42,88.85,77.02,86.82,334962.4597,27975808.51,80846,82.935
1.61188E+12,2021-01-29,ZEC/USDT,86.82,90.31,82.26,85.49,380792.3634,32707107.18,105410,86.285
1.61196E+12,2021-01-30,ZEC/USDT,85.5,86.32,82.8,84.51,171706.0536,14446645.14,51617,84.56
1.61205E+12,2021-01-31,ZEC/USDT,84.43,87.6,82.39,85.65,227293.0745,19285766.72,66276,84.995
1.61214E+12,2021-02-01,ZEC/USDT,85.58,89.64,84.07,88.69,267754.0667,23255877.06,72483,86.855
1.61222E+12,2021-02-02,ZEC/USDT,88.68,94.49,88.25,92.37,386477.6234,35313848.52,89294,91.37
1.61231E+12,2021-02-03,ZEC/USDT,92.38,96.9,92.38,95.23,198402.6746,18856494.93,60450,94.64
1.6124E+12,2021-02-04,ZEC/USDT,95.28,96.68,88.73,90,291109.1167,26824268.92,81199,92.705
1.61248E+12,2021-02-05,ZEC/USDT,89.98,96.67,89.19,96.44,304478.3603,28411287.17,79177,92.93
1.61257E+12,2021-02-06,ZEC/USDT,96.46,98.95,91.97,94.24,392300.4258,37854714,93292,95.46
1.61266E+12,2021-02-07,ZEC/USDT,94.25,95.6,88.75,92.3,280176.5791,25894922.04,71465,92.175
1.61274E+12,2021-02-08,ZEC/USDT,92.32,98.38,91.09,98.01,279810.8842,26554657.71,77292,94.735
1.61283E+12,2021-02-09,ZEC/USDT,98.03,110.12,97.24,108.77,532532.4568,55516089.61,131889,103.68
1.61292E+12,2021-02-10,ZEC/USDT,108.75,121.93,106.36,116.41,666241.8709,75624810.43,173308,114.145
1.613E+12,2021-02-11,ZEC/USDT,116.43,150,113.12,142.34,929185.9671,124182883.2,215007,131.56
1.61309E+12,2021-02-12,ZEC/USDT,142.32,149.2,132.81,142.79,517683.3292,73416337.09,135646,141.005
1.61317E+12,2021-02-13,ZEC/USDT,142.79,190.64,142.71,176.11,1027568.072,168133447.9,267223,166.675
1.61326E+12,2021-02-14,ZEC/USDT,176.1,179.79,152.7,156.33,626746.4583,104507350.2,167077,166.245
1.61335E+12,2021-02-15,ZEC/USDT,156.2,180,124.6,158.61,985558.7899,153709623.9,233205,152.3
1.61343E+12,2021-02-16,ZEC/USDT,158.78,168.17,148.39,155.68,546444.4706,86777583.01,141815,158.28
1.61352E+12,2021-02-17,ZEC/USDT,155.69,173.66,147.02,168.37,496646.4352,80143666.38,130098,160.34
1.61361E+12,2021-02-18,ZEC/USDT,168.36,179.5,157.4,169.25,464093.271,77883456.65,130044,168.45
1.61369E+12,2021-02-19,ZEC/USDT,169.29,190,162,180.19,564027.8572,100109122.9,166566,176
1.61378E+12,2021-02-20,ZEC/USDT,180.2,185.33,155.88,164.09,533247.1092,92552835.26,155583,170.605
1.61387E+12,2021-02-21,ZEC/USDT,164.08,168.01,158.29,161.87,290902.3385,47626954.68,91751,163.15
1.61395E+12,2021-02-22,ZEC/USDT,161.84,162.91,120.91,144.39,669913.656,97682586.26,158927,141.91
1.61404E+12,2021-02-23,ZEC/USDT,144.41,145.42,103.47,127.13,911371.882,113099949.6,195795,124.445
1.61412E+12,2021-02-24,ZEC/USDT,127.12,135.3,122.07,130.96,536094.5754,69283062.63,121121,128.685
1.61421E+12,2021-02-25,ZEC/USDT,131.01,139.6,120,121.25,381626.7644,50654462.42,92181,129.8
1.6143E+12,2021-02-26,ZEC/USDT,121.27,125.05,113.41,118.23,393489.9497,46987632.7,85190,119.23
1.61438E+12,2021-02-27,ZEC/USDT,118.23,125.03,117.42,119.78,234470.2049,28667061.29,55057,121.225
1.61447E+12,2021-02-28,ZEC/USDT,119.77,120.38,104.35,111.31,324743.0128,36272342.3,70496,112.365
1.61456E+12,2021-03-01,ZEC/USDT,111.33,126.21,110.09,124.4,317470.7051,37313422.34,73176,118.15
1.61464E+12,2021-03-02,ZEC/USDT,124.42,126.8,116.38,120.51,301904.1514,36866599.93,72183,121.59
1.61473E+12,2021-03-03,ZEC/USDT,120.5,130.93,119.02,126.69,264703.7114,33708815.28,72174,124.975
1.61482E+12,2021-03-04,ZEC/USDT,126.72,129.9,117.55,122.03,213079.7268,26375510.58,61121,123.725
1.6149E+12,2021-03-05,ZEC/USDT,122.06,124.32,113.08,121.12,236863.0922,27938209.07,64348,118.7
1.61499E+12,2021-03-06,ZEC/USDT,121.19,126.93,118.22,125.19,150497.6945,18445057.2,48379,122.575
1.61508E+12,2021-03-07,ZEC/USDT,125.2,130.18,124.37,130.08,123295.9936,15650703.3,44100,127.275
1.61516E+12,2021-03-08,ZEC/USDT,130.08,132.8,124.36,129.55,137243.5317,17580531.35,46256,128.58
1.61525E+12,2021-03-09,ZEC/USDT,129.54,138.4,127.8,137.69,216384.0923,28924237.14,72808,133.1
1.61533E+12,2021-03-10,ZEC/USDT,137.76,142.09,131.13,139.82,207400.7361,28230243.02,74720,136.61
1.61542E+12,2021-03-11,ZEC/USDT,139.77,158.51,135.65,151.86,427246.3723,63407631.67,122914,147.08
1.61551E+12,2021-03-12,ZEC/USDT,151.88,156.61,141.78,145.36,242654.1271,36316551,84760,149.195
1.61559E+12,2021-03-13,ZEC/USDT,145.45,160,137.3,156.12,283737.3222,42287587.77,89898,148.65
1.61568E+12,2021-03-14,ZEC/USDT,156.15,158.2,143.13,143.18,175695.5277,26279502.98,61180,150.665
1.61577E+12,2021-03-15,ZEC/USDT,143.14,147.13,133.88,135.1,235868.3292,32765066.33,72197,140.505
1.61585E+12,2021-03-16,ZEC/USDT,135.19,140.38,130.05,139.41,147123.295,20046623.08,53280,135.215
1.61594E+12,2021-03-17,ZEC/USDT,139.37,146.97,134.47,146.02,178928.5377,25160997.42,58222,140.72
1.61603E+12,2021-03-18,ZEC/USDT,146.03,150.88,141.82,142.97,150347.3533,21931991.44,54551,146.35
1.61611E+12,2021-03-19,ZEC/USDT,142.98,153.25,140.35,150.31,131723.4797,19417298.09,52292,146.8
1.6162E+12,2021-03-20,ZEC/USDT,150.23,161.2,149.29,155.03,242776.7638,37920304.42,87883,155.245
1.61628E+12,2021-03-21,ZEC/USDT,155,156.49,145.09,148.18,159080.4369,23820904.14,60158,150.79
1.61637E+12,2021-03-22,ZEC/USDT,148.18,149.7,139.5,139.53,149049.8906,21750611.91,54748,144.6
1.61646E+12,2021-03-23,ZEC/USDT,139.55,143.47,134.98,136.02,178625.5548,24946506.9,58904,139.225
1.61654E+12,2021-03-24,ZEC/USDT,136.02,141.71,125.51,127.67,178440.7847,24255201.94,69026,133.61
1.61663E+12,2021-03-25,ZEC/USDT,127.67,128.9,116.16,123.02,295639.2093,36239064.71,111299,122.53
1.61672E+12,2021-03-26,ZEC/USDT,123.04,133.55,123,133.46,175850.9178,22559364.97,74722,128.275
1.6168E+12,2021-03-27,ZEC/USDT,133.45,135.56,126.29,133.62,153349.6779,20100262.27,71413,130.925
1.61689E+12,2021-03-28,ZEC/USDT,133.61,145.06,129.93,144.87,315405.0063,43246855.21,99579,137.495
1.61698E+12,2021-03-29,ZEC/USDT,144.84,159.75,141.84,149.18,444715.8642,66821247.81,145814,150.795
1.61706E+12,2021-03-30,ZEC/USDT,149.13,156.99,145.68,154.6,314913.9361,47531927.78,114695,151.335
1.61715E+12,2021-03-31,ZEC/USDT,154.57,158.38,146.69,158.22,240328.9836,36836875.24,115952,152.535
1.61724E+12,2021-04-01,ZEC/USDT,158.16,167,152.71,165.53,348492.8901,56045336.21,141539,159.855
1.61732E+12,2021-04-02,ZEC/USDT,165.55,177.75,163.69,169.52,366357.5479,63021283.83,154931,170.72
1.61741E+12,2021-04-03,ZEC/USDT,169.5,179.58,163.38,171.61,349985.6845,59591400.27,143296,171.48
1.61749E+12,2021-04-04,ZEC/USDT,171.49,195,169,187.14,686296.1279,126924307.3,227571,182
1.61758E+12,2021-04-05,ZEC/USDT,187.13,200.31,182.85,197.13,437637.2293,83329343.25,153861,191.58
1.61767E+12,2021-04-06,ZEC/USDT,197.05,200.32,181.53,191.11,329114.0133,62496367.93,121643,190.925
1.61775E+12,2021-04-07,ZEC/USDT,191.17,194.23,162.34,171.26,395113.6896,69504608.58,165720,178.285
1.61784E+12,2021-04-08,ZEC/USDT,171.37,185.79,170.21,184.74,201058.978,35791631.68,91087,178
1.61793E+12,2021-04-09,ZEC/USDT,184.68,198.86,183.66,194.65,309985.5494,59644564.33,133223,191.26
1.61801E+12,2021-04-10,ZEC/USDT,194.57,210,193.49,206.15,371971.7029,75344820.44,152866,201.745
1.6181E+12,2021-04-11,ZEC/USDT,206.2,231.89,206,222.31,445002.927,98400478.23,202302,218.945
1.61819E+12,2021-04-12,ZEC/USDT,222.27,237,209.08,221.39,565338.0071,126113367.5,205647,223.04
1.61827E+12,2021-04-13,ZEC/USDT,221.36,232.5,217.14,225.98,362983.4583,81695116.52,157295,224.82
1.61836E+12,2021-04-14,ZEC/USDT,225.97,243.72,217.78,237.5,462214.6742,106314988,186440,230.75
1.61844E+12,2021-04-15,ZEC/USDT,237.52,255,235.03,252.27,398038.6744,98197791.77,190272,245.015
1.61853E+12,2021-04-16,ZEC/USDT,252.22,271.86,234.92,270.03,454052.2391,116197666.3,232476,253.39
1.61862E+12,2021-04-17,ZEC/USDT,270.03,299.13,269.1,279.95,539859.7795,152825298.6,275007,284.115
1.6187E+12,2021-04-18,ZEC/USDT,279.83,285.97,186.43,260.05,905012.31,215087975.5,396172,236.2
1.61879E+12,2021-04-19,ZEC/USDT,260.04,265.78,221,225.55,555092.3425,135142505.8,237779,243.39
1.61888E+12,2021-04-20,ZEC/USDT,225.68,250.54,209.15,249.64,571925.17,131138657.1,265168,229.845
1.61896E+12,2021-04-21,ZEC/USDT,249.69,256.18,231.28,237.29,347373.0464,84921967.68,214351,243.73
1.61905E+12,2021-04-22,ZEC/USDT,237.3,248.28,218.35,223.91,345453.0028,81884589.34,207538,233.315
1.61914E+12,2021-04-23,ZEC/USDT,224.04,226.76,167,220.31,696492.1387,140067744.2,344598,196.88
1.61922E+12,2021-04-24,ZEC/USDT,220.2,220.31,196.87,198.46,308135.6267,63911334.22,183714,208.59
1.61931E+12,2021-04-25,ZEC/USDT,198.45,215.71,191.18,202.31,212616.0868,43277266.18,129970,203.445
1.6194E+12,2021-04-26,ZEC/USDT,202.29,228.08,200.08,227.09,267001.3064,58313086.15,165717,214.08
1.61948E+12,2021-04-27,ZEC/USDT,226.94,242,222.48,241.89,231318.5153,53476507.41,126413,232.24
1.61957E+12,2021-04-28,ZEC/USDT,241.78,243.5,226.16,240.65,242705.7173,57082192.87,134258,234.83
1.61965E+12,2021-04-29,ZEC/USDT,240.71,241.21,223.17,229.42,235590.7604,54843243.59,128093,232.19
1.61974E+12,2021-04-30,ZEC/USDT,229.41,249.14,223,245.37,236977.0826,56523368.64,126350,236.07
1.61983E+12,2021-05-01,ZEC/USDT,245.42,258.65,243.3,257.4,198218.919,49783289.89,99205,250.975
1.61991E+12,2021-05-02,ZEC/USDT,257.35,259.34,241.24,243.3,172409.2168,42614039.16,81335,250.29
1.62E+12,2021-05-03,ZEC/USDT,243.27,254.63,242.55,250.48,202683.0862,50597205.76,89391,248.59
1.62009E+12,2021-05-04,ZEC/USDT,250.44,267.87,230.32,241,541226.7761,132522570.2,241361,249.095
1.62017E+12,2021-05-05,ZEC/USDT,241.17,299.83,237.33,292.01,653270.7127,177481459.7,294184,268.58
1.62026E+12,2021-05-06,ZEC/USDT,292,325.41,271.16,308.57,667142.0637,199327447,294654,298.285
1.62035E+12,2021-05-07,ZEC/USDT,308.68,343.1,295.62,320.01,574816.8802,182800400,283197,319.36
1.62043E+12,2021-05-08,ZEC/USDT,319.74,343.8,294.85,316.25,428819.6748,135185456.5,218682,319.325
1.62052E+12,2021-05-09,ZEC/USDT,316.05,318.1,287.89,305.4,287843.6215,86090925.8,156586,302.995
1.6206E+12,2021-05-10,ZEC/USDT,305.48,330.57,265.2,283.76,453431.2572,136567382.5,240827,297.885
1.62069E+12,2021-05-11,ZEC/USDT,283.86,302.72,272.01,302.07,315060.882,89657360.86,189140,287.365
1.62078E+12,2021-05-12,ZEC/USDT,302.07,372,272.27,280.13,1510686.036,515797206.7,877965,322.135
1.62086E+12,2021-05-13,ZEC/USDT,280.88,323.9,249,296.36,1006906.541,299424034.9,599013,286.45
1.62095E+12,2021-05-14,ZEC/USDT,296.47,323,285.56,305.67,484672.1044,147327043.7,309108,304.28
1.62104E+12,2021-05-15,ZEC/USDT,305.69,316.05,267.8,271.08,397487.3138,115446363.8,274623,291.925
1.62112E+12,2021-05-16,ZEC/USDT,271.02,291,245.63,262.4,408108.5885,109705273.7,275171,268.315
1.62121E+12,2021-05-17,ZEC/USDT,262.25,262.33,226.33,235.52,483542.8417,117743067.6,293044,244.33
1.6213E+12,2021-05-18,ZEC/USDT,235.54,262.3,232.75,254.91,413659.1519,103214326.3,300478,247.525
1.62138E+12,2021-05-19,ZEC/USDT,254.99,262.95,100,146.22,1476003.532,266007642.9,699626,181.475
1.62147E+12,2021-05-20,ZEC/USDT,146.5,194.68,133.44,182.4,868476.8843,145169399,419412,164.06
1.62156E+12,2021-05-21,ZEC/USDT,182.32,191.84,136.23,156.26,932995.3853,153285610.1,435781,164.035
1.62164E+12,2021-05-22,ZEC/USDT,156.17,160.94,133.02,142.57,645742.6364,93995112.87,314393,146.98
1.62173E+12,2021-05-23,ZEC/USDT,142.55,148.9,87.08,114.32,1216823.332,135415884.3,478596,117.99
1.62181E+12,2021-05-24,ZEC/USDT,114.53,149.45,114.4,149.16,855833.2799,114333843.3,276215,131.925
1.6219E+12,2021-05-25,ZEC/USDT,149.38,154.76,130,145.4,587340.6304,83224649.94,201741,142.38
1.62199E+12,2021-05-26,ZEC/USDT,145.38,159.72,143.03,158.6,436113.6272,66150522.45,164148,151.375
1.62207E+12,2021-05-27,ZEC/USDT,158.62,159.5,140.62,150.27,317027.4207,47508438.67,134368,150.06
1.62216E+12,2021-05-28,ZEC/USDT,150.22,168,131.02,164.62,838095.0328,126929462.4,271770,149.51
1.62225E+12,2021-05-29,ZEC/USDT,164.66,186.86,141.54,149.24,962790.5186,159735288.7,330892,164.2
1.62233E+12,2021-05-30,ZEC/USDT,149.22,160,137.46,149.84,417881.6006,63255247.79,175140,148.73
1.62242E+12,2021-05-31,ZEC/USDT,149.87,162.57,140.85,161.65,375823.8095,56707239.4,221381,151.71
1.62251E+12,2021-06-01,ZEC/USDT,161.68,164.48,148.16,154.04,262046.7037,40737022.37,171150,156.32
1.62259E+12,2021-06-02,ZEC/USDT,154.03,170.45,148.85,164.35,286169.2346,45689334.26,155930,159.65
1.62268E+12,2021-06-03,ZEC/USDT,164.39,175.15,160.14,172.95,251658.8775,42589891.51,159487,167.645
1.62276E+12,2021-06-04,ZEC/USDT,173.01,173.04,146.16,155.28,376736.757,58928590.69,209242,159.6
1.62285E+12,2021-06-05,ZEC/USDT,155.26,161.31,147.63,153.17,261473.4391,40220115.05,140706,154.47
1.62294E+12,2021-06-06,ZEC/USDT,153.16,156.58,147,149.63,184617.2629,28108801.04,96971,151.79
1.62302E+12,2021-06-07,ZEC/USDT,149.62,154.9,134.48,135.72,207576.8923,30576716.67,75287,144.69
1.62311E+12,2021-06-08,ZEC/USDT,135.79,139.15,119.14,130.88,408389.0058,52715227.59,126694,129.145
1.6232E+12,2021-06-09,ZEC/USDT,130.93,145.09,124.19,145.05,324389.4871,43826619.03,117042,134.64
1.62328E+12,2021-06-10,ZEC/USDT,145.07,151.71,131.87,134,281395.8897,39714572.5,113842,141.79
1.62337E+12,2021-06-11,ZEC/USDT,134.11,135.78,122.57,124.74,187144.1754,24549656.11,72082,129.175
1.62346E+12,2021-06-12,ZEC/USDT,124.73,129.24,118.77,125.85,192471.7123,23937328.45,69277,124.005
1.62354E+12,2021-06-13,ZEC/USDT,125.86,133.23,120.93,133.06,169028.3714,21390870.1,61108,127.08
1.62363E+12,2021-06-14,ZEC/USDT,133.04,139.31,128.58,139,180195.6014,24091401.02,85651,133.945
1.62372E+12,2021-06-15,ZEC/USDT,139,141.2,133.33,136.58,132763.7357,18198988.88,77201,137.265
1.6238E+12,2021-06-16,ZEC/USDT,136.58,143.98,132.28,137.31,290393.2064,40304452.15,172130,138.13
1.62389E+12,2021-06-17,ZEC/USDT,137.25,146.72,136.48,142.27,200606.7315,28489450.71,121066,141.6
1.62397E+12,2021-06-18,ZEC/USDT,142.3,143.1,129,132.88,201411.3046,27270827.56,131181,136.05
1.62406E+12,2021-06-19,ZEC/USDT,132.87,134.89,127.11,127.9,128056.3116,16776095.25,92820,131
1.62415E+12,2021-06-20,ZEC/USDT,127.9,132.33,119.47,131.81,175407.8963,22108640.68,108777,125.9
1.62423E+12,2021-06-21,ZEC/USDT,131.82,133.18,100.9,101.3,505453.5575,57025188.78,157856,117.04
1.62432E+12,2021-06-22,ZEC/USDT,101.26,110.5,86.27,106.5,683577.5772,67758528.86,180111,98.385
1.62441E+12,2021-06-23,ZEC/USDT,106.5,117.61,102.56,111.79,354525.2062,39465783.22,107129,110.085
1.62449E+12,2021-06-24,ZEC/USDT,111.79,116.8,106.75,112.82,205422.327,23185484.38,67994,111.775
1.62458E+12,2021-06-25,ZEC/USDT,112.85,116.67,99.77,100.08,363911.866,39104459.78,105016,108.22
1.62467E+12,2021-06-26,ZEC/USDT,100.1,103.61,96.57,103.61,239913.7426,24111303.69,83944,100.09
1.62475E+12,2021-06-27,ZEC/USDT,103.59,107.81,98.74,107.71,207999.9509,21284361.97,64793,103.275
1.62484E+12,2021-06-28,ZEC/USDT,107.71,118,104.58,118,239341.4721,26279808.41,108736,111.29
1.62492E+12,2021-06-29,ZEC/USDT,118,129.67,116.1,126.49,280397.0654,34304264.49,137524,122.885
1.62501E+12,2021-06-30,ZEC/USDT,126.5,133.22,122.05,130.91,382664.6246,48656756.31,174789,127.635
1.6251E+12,2021-07-01,ZEC/USDT,130.92,130.94,118.51,120.17,191998.9784,23522970.08,109455,124.725
1.62518E+12,2021-07-02,ZEC/USDT,120.15,121.66,112.43,118.5,227303.3183,26275533.16,101680,117.045
1.62527E+12,2021-07-03,ZEC/USDT,118.49,118.96,113.02,116.22,139816.4493,16289181.31,62285,115.99
1.62536E+12,2021-07-04,ZEC/USDT,116.23,125.68,113.25,120.25,224472.6869,26823149.29,99601,119.465
1.62544E+12,2021-07-05,ZEC/USDT,120.28,120.3,110.28,111.17,188195.5578,21565979.22,63516,115.29
1.62553E+12,2021-07-06,ZEC/USDT,111.17,119.05,110.83,117.51,228450.8202,26269894.12,75501,114.94
1.62562E+12,2021-07-07,ZEC/USDT,117.47,122.2,115.41,118.55,190721.9394,22703218.52,63614,118.805
1.6257E+12,2021-07-08,ZEC/USDT,118.56,118.73,107.04,109.46,220517.5027,24902502.24,60619,112.885
1.62579E+12,2021-07-09,ZEC/USDT,109.45,112.96,105.14,111.01,195088.7636,21323249.22,53516,109.05
1.62588E+12,2021-07-10,ZEC/USDT,111.01,113.21,106.32,108.12,127833.9516,13980497.58,36721,109.765
1.62596E+12,2021-07-11,ZEC/USDT,108.14,112.54,106.08,110.84,106991.4823,11727171.87,30958,109.31
1.62605E+12,2021-07-12,ZEC/USDT,110.86,112.99,104.67,107.68,172514.9137,18752846.58,65441,108.83
1.62613E+12,2021-07-13,ZEC/USDT,107.68,108.61,101.83,104.1,165862.0456,17513786.08,67489,105.22
1.62622E+12,2021-07-14,ZEC/USDT,104.1,105.88,97.47,104.55,235639.5353,23969826.58,92243,101.675
1.62631E+12,2021-07-15,ZEC/USDT,104.52,106.16,97.92,100.17,243951.0816,24604223.81,85372,102.04
1.62639E+12,2021-07-16,ZEC/USDT,100.17,102.45,92.54,93.06,224639.5844,21630887.06,90951,97.495
1.62648E+12,2021-07-17,ZEC/USDT,93.07,95.84,91.84,93.16,172564.4015,16209547.68,69159,93.84
1.62657E+12,2021-07-18,ZEC/USDT,93.18,99.64,92.36,93.95,202755.6265,19417070.34,74618,96
1.62665E+12,2021-07-19,ZEC/USDT,93.94,100.75,88.88,89.25,517063.8391,48392326.71,115389,94.815
1.62674E+12,2021-07-20,ZEC/USDT,89.29,91.8,83.02,85.65,308430.9261,26622978.75,90589,87.41
1.62683E+12,2021-07-21,ZEC/USDT,85.65,95.58,84.2,95.18,275778.0805,25114075.91,79092,89.89
1.62691E+12,2021-07-22,ZEC/USDT,95.21,97.96,91.41,97.6,181032.7439,17110890.57,61429,94.685
1.627E+12,2021-07-23,ZEC/USDT,97.6,99.1,92.1,97.73,176082.8756,16904691.7,63278,95.6
1.62708E+12,2021-07-24,ZEC/USDT,97.76,102.69,97.01,99.26,167070.2754,16622002.66,61768,99.85
1.62717E+12,2021-07-25,ZEC/USDT,99.24,100.6,95.64,100.44,163229.6013,15983625.7,57871,98.12
1.62726E+12,2021-07-26,ZEC/USDT,100.42,109.68,100.07,101.33,369624.1826,38849312.85,154460,104.875
1.62734E+12,2021-07-27,ZEC/USDT,101.39,103.64,97.99,102.85,198183.5229,19904999.79,88650,100.815
1.62743E+12,2021-07-28,ZEC/USDT,102.83,106.04,101.48,105.88,208672.8773,21642806.94,81580,103.76
1.62752E+12,2021-07-29,ZEC/USDT,105.9,108.85,104.3,107.84,180321.9047,19175865.99,73508,106.575
1.6276E+12,2021-07-30,ZEC/USDT,107.83,110.11,102.84,109.91,203720.4942,21666032.8,80134,106.475
1.62769E+12,2021-07-31,ZEC/USDT,109.89,112.56,108.81,111.15,150685.7587,16704302.6,62021,110.685
1.62778E+12,2021-08-01,ZEC/USDT,111.15,123.54,110.39,115.53,298309.0065,35287525.26,138846,116.965
1.62786E+12,2021-08-02,ZEC/USDT,115.54,119.99,113.22,115.26,177191.7519,20715984.8,69054,116.605
1.62795E+12,2021-08-03,ZEC/USDT,115.26,116.82,109.26,114.05,165543.9029,18638935.39,72048,113.04
1.62804E+12,2021-08-04,ZEC/USDT,114.08,120.74,112.62,118.08,160311.6704,18669282.01,69146,116.68
1.62812E+12,2021-08-05,ZEC/USDT,118.07,120.85,114.2,119.03,197031.3349,23201553.31,73515,117.525
1.62821E+12,2021-08-06,ZEC/USDT,119.05,128.67,117.46,126.93,181179.9502,22103465.54,84974,123.065
1.62829E+12,2021-08-07,ZEC/USDT,126.93,134.92,125.42,134.17,280856.0098,36537641.38,121787,130.17
1.62838E+12,2021-08-08,ZEC/USDT,134.16,136.3,121.5,123.48,219997.7452,28270585.8,91810,128.9
1.62847E+12,2021-08-09,ZEC/USDT,123.46,132.4,118.68,130.65,226925.4588,28755574.28,101613,125.54
1.62855E+12,2021-08-10,ZEC/USDT,130.65,134.39,127.96,131.87,166806.12,21861803.42,91330,131.175
1.62864E+12,2021-08-11,ZEC/USDT,131.88,142.64,131.63,137.18,211598.2642,28995398.15,121643,137.135
1.62873E+12,2021-08-12,ZEC/USDT,137.17,142.89,130.37,133.6,218301.2812,29608533.3,118478,136.63
1.62881E+12,2021-08-13,ZEC/USDT,133.59,145.23,132.67,144.93,156955.2955,21867805.02,89801,138.95
1.6289E+12,2021-08-14,ZEC/USDT,144.94,147.72,137.22,144.89,214549.3396,30490373.66,119780,142.47
1.62899E+12,2021-08-15,ZEC/USDT,144.91,156.34,140.62,154.82,248447.9669,36588850.39,133921,148.48
1.62907E+12,2021-08-16,ZEC/USDT,154.82,157.92,148.45,150.12,229233.5,35181275.53,111560,153.185
1.62916E+12,2021-08-17,ZEC/USDT,150.1,159.85,140.7,141.45,297791.4163,45075675.05,145310,150.275
1.62924E+12,2021-08-18,ZEC/USDT,141.46,144.97,134.97,140.76,274300.8612,38643796.8,112015,139.97
1.62933E+12,2021-08-19,ZEC/USDT,140.79,147.82,137.59,147.37,237583.7042,33678951.5,96919,142.705
1.62942E+12,2021-08-20,ZEC/USDT,147.35,156,146.08,153.75,180134.3284,27118037.1,89345,151.04
1.6295E+12,2021-08-21,ZEC/USDT,153.75,157.86,147.88,155.89,235913.5418,36171960.97,116734,152.87
1.62959E+12,2021-08-22,ZEC/USDT,155.92,161.6,152.61,160.54,215732.3074,34002786.66,109042,157.105
1.62968E+12,2021-08-23,ZEC/USDT,160.55,168.68,159.6,165.12,254311.8933,41704243.18,133836,164.14
1.62976E+12,2021-08-24,ZEC/USDT,165.1,170.99,152.35,155.3,296157.8636,48242684.23,143242,161.67
1.62985E+12,2021-08-25,ZEC/USDT,155.29,164.55,150.59,163.8,201249.9233,31737824.46,113849,157.57
1.62994E+12,2021-08-26,ZEC/USDT,163.78,165.12,143.2,144,314148.8865,47224116.47,126895,154.16
1.63002E+12,2021-08-27,ZEC/USDT,144,152.4,139.7,152.3,253575.815,36937179.88,82271,146.05
1.63011E+12,2021-08-28,ZEC/USDT,152.3,152.6,146.8,150.5,95439.145,14258950.47,40135,149.7
1.6302E+12,2021-08-29,ZEC/USDT,150.6,154.2,146,148.3,127014.038,18978596.63,46885,150.1
1.63028E+12,2021-08-30,ZEC/USDT,148.4,149.1,140.4,141.2,132285.854,19177379.53,45821,144.75
1.63037E+12,2021-08-31,ZEC/USDT,141.1,148.3,138.99,143.8,147967.1378,21293776.4,56876,143.645
1.63045E+12,2021-09-01,ZEC/USDT,143.8,151.9,140.7,151.7,157409.307,23101976.08,55464,146.3
1.63054E+12,2021-09-02,ZEC/USDT,151.7,155,150,150.7,127991.634,19509632.02,52435,152.5
1.63063E+12,2021-09-03,ZEC/USDT,150.6,159.9,146.8,156.4,296944.8113,45264659.02,117596,153.35
1.63071E+12,2021-09-04,ZEC/USDT,156.5,162.3,154.9,160.1,177625.5458,28162323.41,90179,158.6
1.6308E+12,2021-09-05,ZEC/USDT,160.2,175.8,159.1,172.8,275756.1353,46342234.19,140594,167.45
1.63089E+12,2021-09-06,ZEC/USDT,172.9,175.9,163.9,171.1,245614,42057742.39,103454,169.9
1.63097E+12,2021-09-07,ZEC/USDT,171,171.7,117.9,136.4,626530.1001,90991460.72,214262,144.8
1.63106E+12,2021-09-08,ZEC/USDT,136.4,139.4,120.4,135.4,462686.7,61259835.81,143972,129.9
1.63115E+12,2021-09-09,ZEC/USDT,135.5,143.4,131.7,137.6,322562.945,44606753.31,98215,137.55
1.63123E+12,2021-09-10,ZEC/USDT,137.7,142.6,124.8,128.2,240179.672,31715480.09,82777,133.7
1.63132E+12,2021-09-11,ZEC/USDT,128.1,134.4,126.6,128.5,206744.837,27052492.47,64251,130.5
1.6314E+12,2021-09-12,ZEC/USDT,128.5,133.7,126.1,131.3,177614.847,23135710.51,58156,129.9
1.63149E+12,2021-09-13,ZEC/USDT,131.3,132.6,120.8,127.8,307059.509,38641515.31,98232,126.7
1.63158E+12,2021-09-14,ZEC/USDT,127.8,133.9,126.3,133.8,146854.219,19022587.73,54570,130.1
1.63166E+12,2021-09-15,ZEC/USDT,133.8,140.1,130.8,139.8,165013.496,22152583.15,60271,135.45
1.63175E+12,2021-09-16,ZEC/USDT,139.9,146.6,133.7,137.9,296179.36,41742030.3,100785,140.15
1.63184E+12,2021-09-17,ZEC/USDT,137.8,140.3,132,134.5,152262.864,20704772.65,52740,136.15
1.63192E+12,2021-09-18,ZEC/USDT,134.5,144,132.7,138.6,161972.553,22657520.71,55034,138.35
1.63201E+12,2021-09-19,ZEC/USDT,138.5,141.5,132,133.6,132657.856,18203777.28,47466,136.75
1.6321E+12,2021-09-20,ZEC/USDT,133.6,134,115,119.1,377454.768,46249423.28,112845,124.5
1.63218E+12,2021-09-21,ZEC/USDT,119.1,120.9,108.1,111.7,273891.4763,31655262.68,86845,114.5
1.63227E+12,2021-09-22,ZEC/USDT,111.7,121.7,110.5,121.3,163718.02,19137249.37,53940,116.1
1.63236E+12,2021-09-23,ZEC/USDT,121.4,123.5,118,122.6,140746.053,17062737.66,45021,120.75
1.63244E+12,2021-09-24,ZEC/USDT,122.6,123.4,105,110.6,362428.108,40473742.02,80338,114.2
1.63253E+12,2021-09-25,ZEC/USDT,110.6,112.9,106.8,110.7,205594.135,22640420.2,51841,109.85
1.63261E+12,2021-09-26,ZEC/USDT,110.7,113.1,101.9,111.2,326590.922,35461292.54,69154,107.5
1.6327E+12,2021-09-27,ZEC/USDT,111.1,113.8,104.4,104.5,177027.46,19417189.71,43221,109.1
1.63279E+12,2021-09-28,ZEC/USDT,104.6,107.8,100.2,100.8,169388.7599,17676724.02,39778,104
1.63287E+12,2021-09-29,ZEC/USDT,100.7,108.4,100.4,103.7,182700.177,19180289.44,37570,104.4
1.63296E+12,2021-09-30,ZEC/USDT,103.6,108,103,107.1,156947.666,16635988.79,34008,105.5
1.63305E+12,2021-10-01,ZEC/USDT,107.1,115,106.3,114.9,288995.117,32381078.58,60582,110.65
1.63313E+12,2021-10-02,ZEC/USDT,114.9,117.4,111.9,114.2,146296.864,16767190.47,40627,114.65
1.63322E+12,2021-10-03,ZEC/USDT,114.1,119.4,112.4,118.7,163700.137,19029279.37,47141,115.9
1.63331E+12,2021-10-04,ZEC/USDT,118.7,119.1,112.5,116.8,166118.991,19229079,53316,115.8
1.63339E+12,2021-10-05,ZEC/USDT,116.9,124.2,115.4,123.1,183523.332,21977293.08,57737,119.8
1.63348E+12,2021-10-06,ZEC/USDT,123.1,127.1,114.7,125.4,293703.635,35958971.67,74089,120.9
1.63356E+12,2021-10-07,ZEC/USDT,125.3,129.6,121.5,125.3,282987.958,35592954.49,73674,125.55
1.63365E+12,2021-10-08,ZEC/USDT,125.3,127.8,122.8,123.4,167571.277,21063767.94,44676,125.3
1.63374E+12,2021-10-09,ZEC/USDT,123.5,128.3,122.1,127.6,121075.188,15254152.92,36963,125.2
1.63382E+12,2021-10-10,ZEC/USDT,127.6,127.9,119.2,119.5,154673.894,19267147.05,44255,123.55
1.63391E+12,2021-10-11,ZEC/USDT,119.4,125.8,116.4,119.7,160844.069,19487449.26,39214,121.1
1.634E+12,2021-10-12,ZEC/USDT,119.6,119.7,111.4,116.3,193955.455,22313954.47,44952,115.55
1.63408E+12,2021-10-13,ZEC/USDT,116.2,119.7,113.1,119.4,221619.169,25794822.64,49513,116.4
1.63417E+12,2021-10-14,ZEC/USDT,119.4,122.6,119,121.8,112376.18,13599206.72,32062,120.8
1.63426E+12,2021-10-15,ZEC/USDT,121.8,127,119.1,126.2,209043.774,25760286.44,57583,123.05
1.63434E+12,2021-10-16,ZEC/USDT,126.3,128.1,123.5,126.1,129237.271,16261680.43,36518,125.8
1.63443E+12,2021-10-17,ZEC/USDT,126.1,141,124.2,137.7,368826.677,49047838.23,128156,132.6
1.63452E+12,2021-10-18,ZEC/USDT,137.8,146.5,135.1,140.7,427373.858,59530326.07,137011,140.8
1.6346E+12,2021-10-19,ZEC/USDT,140.7,147.6,139.8,144.1,262495.273,37570178.02,89309,143.7
1.63469E+12,2021-10-20,ZEC/USDT,144.1,151.3,144,149.9,233756.881,34568819.29,86586,147.65
1.63477E+12,2021-10-21,ZEC/USDT,149.9,159,145.7,155,453431.887,69031287.61,168355,152.35
1.63486E+12,2021-10-22,ZEC/USDT,155,166.4,154.9,165,364209.17,58697640.59,149049,160.65
1.63495E+12,2021-10-23,ZEC/USDT,165,174.5,164,173.6,358501.359,61130846.51,159283,169.25
1.63503E+12,2021-10-24,ZEC/USDT,173.6,190.4,170.6,173,750418.1616,135657618.6,295724,180.5
1.63512E+12,2021-10-25,ZEC/USDT,172.9,177.3,169.2,170.1,244404.6,42326268.57,112815,173.25
1.63521E+12,2021-10-26,ZEC/USDT,170.2,171.6,158.4,161.1,219980.514,36422621.27,98180,165
1.63529E+12,2021-10-27,ZEC/USDT,161.1,162.8,142.3,147.1,346037.039,52574665.55,135789,152.55
1.63538E+12,2021-10-28,ZEC/USDT,147.2,160.5,143.7,159,315566.304,47902277.37,112913,152.1
1.63547E+12,2021-10-29,ZEC/USDT,159.1,163.7,156.6,162.6,184005.519,29473717.89,73380,160.15
1.63555E+12,2021-10-30,ZEC/USDT,162.6,162.7,149.6,153.3,159466.479,24871500.22,65944,156.15
1.63564E+12,2021-10-31,ZEC/USDT,153.3,188,151.7,167,761309.553,131476799.8,400873,169.85
1.63572E+12,2021-11-01,ZEC/USDT,167.2,173.2,161.3,169.7,234847.168,39434101.64,115215,167.25
1.63581E+12,2021-11-02,ZEC/USDT,169.6,180,167.3,171.8,255842.139,44642663.88,118334,173.65
1.6359E+12,2021-11-03,ZEC/USDT,171.7,172.2,160.2,168.3,289080.398,48010368.45,120792,166.2
1.63598E+12,2021-11-04,ZEC/USDT,168.4,171.9,160.1,163.7,195359.43,32336587.43,91237,166
1.63607E+12,2021-11-05,ZEC/USDT,163.7,169.6,160.5,162.8,172392.92,28305409.09,84295,165.05
1.63616E+12,2021-11-06,ZEC/USDT,162.7,166.4,155.3,159.6,155760.445,24950994.39,68676,160.85
1.63624E+12,2021-11-07,ZEC/USDT,159.6,165,158.2,164.1,123865.548,19912024.67,56187,161.6
1.63633E+12,2021-11-08,ZEC/USDT,164.1,171.9,163.5,170.8,156338.346,26097259.48,78839,167.7
1.63642E+12,2021-11-09,ZEC/USDT,170.7,200.5,169.4,200.1,585980.6172,108246473.6,351222,184.95
1.6365E+12,2021-11-10,ZEC/USDT,200.1,205.5,171.5,179.8,634279.4042,121709064.2,325569,188.5
1.63659E+12,2021-11-11,ZEC/USDT,179.8,219.9,176.7,204.5,842362.8042,172865278,516966,198.3
1.63668E+12,2021-11-12,ZEC/USDT,204.4,210.5,190.6,202.1,360287.469,71961116.65,173414,200.55
1.63676E+12,2021-11-13,ZEC/USDT,202.2,213.3,198.8,199.1,373436.228,76954480.59,165554,206.05
1.63685E+12,2021-11-14,ZEC/USDT,199.1,202.4,192.2,201.8,196305.607,38738837.7,79318,197.3
1.63693E+12,2021-11-15,ZEC/USDT,201.8,204.4,192.3,195.5,287638.908,57239894.49,136591,198.35
1.63702E+12,2021-11-16,ZEC/USDT,195.5,195.6,163,165.7,595208.021,104865486.1,262404,179.3
1.63711E+12,2021-11-17,ZEC/USDT,165.7,167.8,153,159.3,494976.799,78847632.23,199098,160.4
1.63719E+12,2021-11-18,ZEC/USDT,159.2,162.2,141.2,148.2,596382.8,90080006.36,217195,151.7
1.63728E+12,2021-11-19,ZEC/USDT,148.2,164.3,146.2,158.8,415595.858,65251578.67,149530,155.25
1.63737E+12,2021-11-20,ZEC/USDT,158.8,188.8,158.7,179.3,954070.589,170692206.5,333305,173.75
1.63745E+12,2021-11-21,ZEC/USDT,179.4,234.2,176.8,229.4,1179779.007,246625232.8,579961,205.5
1.63754E+12,2021-11-22,ZEC/USDT,229.6,237.6,197.6,206,895291.2764,192351297,462706,217.6
1.63763E+12,2021-11-23,ZEC/USDT,205.9,221,195.3,218.7,550768.114,116312587.4,284060,208.15
1.63771E+12,2021-11-24,ZEC/USDT,218.8,275.7,217.2,260.8,1375025.164,349281238.3,902972,246.45
1.6378E+12,2021-11-25,ZEC/USDT,260.9,305,252,294.5,768448.9985,212607113.4,570625,278.5
1.63788E+12,2021-11-26,ZEC/USDT,294.5,296.5,241.3,246.6,774688.723,202178682.8,434757,268.9
1.63797E+12,2021-11-27,ZEC/USDT,246.5,272.4,239.6,243.5,437329.633,112795010.6,228206,256
1.63806E+12,2021-11-28,ZEC/USDT,243.4,243.6,215,241.2,519604.584,120174726.3,237188,229.3
1.63814E+12,2021-11-29,ZEC/USDT,241.1,254.9,237.7,246.7,384722.02,94393882.2,226364,246.3
1.63823E+12,2021-11-30,ZEC/USDT,246.6,247.6,213.9,220.2,618916.025,140181534.6,293832,230.75
1.63832E+12,2021-12-01,ZEC/USDT,220.3,248.5,215.8,229.8,612042.633,142521707.9,337099,232.15
1.6384E+12,2021-12-02,ZEC/USDT,229.8,230.2,213.6,225.4,334159.798,73938037.84,192224,221.9
1.63849E+12,2021-12-03,ZEC/USDT,225.4,238.1,200,206.2,475160.313,105180718.6,236615,219.05
1.63858E+12,2021-12-04,ZEC/USDT,206.1,206.6,141.9,187.6,944752.787,166947329.8,385931,174.25
1.63866E+12,2021-12-05,ZEC/USDT,187.6,194.6,170,182.6,690909.689,124658314.6,306334,182.3
1.63875E+12,2021-12-06,ZEC/USDT,182.7,184.8,160,179.8,657163.009,113873754.5,269873,172.4
1.63884E+12,2021-12-07,ZEC/USDT,179.8,186,171.5,174.1,405269.055,72578292.16,165824,178.75
1.63892E+12,2021-12-08,ZEC/USDT,174.1,182.5,166.2,178.8,429752.751,75094450.78,167836,174.35
1.63901E+12,2021-12-09,ZEC/USDT,178.9,186.9,161.4,164.1,462024.163,80437346.74,182780,174.15
1.63909E+12,2021-12-10,ZEC/USDT,164,174.1,158.7,159.4,344026.286,57871261.58,147994,166.4
1.63918E+12,2021-12-11,ZEC/USDT,159.5,171.5,155.6,168.3,292791.542,48267062.05,125577,163.55
1.63927E+12,2021-12-12,ZEC/USDT,168.3,173,160.9,169.6,187948.397,31320832.24,92556,166.95
1.63935E+12,2021-12-13,ZEC/USDT,169.6,172.3,145.8,147.9,376739.079,59976962.82,172365,159.05
1.63944E+12,2021-12-14,ZEC/USDT,147.9,155.9,143.5,151.6,320545.669,47767430.1,142634,149.7
1.63953E+12,2021-12-15,ZEC/USDT,151.5,162.5,143.3,159.5,328395.041,49823239.65,133237,152.9
1.63961E+12,2021-12-16,ZEC/USDT,159.6,166.9,151.2,152.3,231841.425,36812266.79,109672,159.05
1.6397E+12,2021-12-17,ZEC/USDT,152.2,154.2,145.1,149.9,203427.117,30526677.7,107157,149.65
1.63979E+12,2021-12-18,ZEC/USDT,149.9,165.3,149.2,157.6,216533.311,34341065.44,113292,157.25
1.63987E+12,2021-12-19,ZEC/USDT,157.6,167.1,155.4,157.8,192280.572,31120289.73,91221,161.25
1.63996E+12,2021-12-20,ZEC/USDT,157.7,164.4,149.2,156.7,278122.895,43351089.03,108186,156.8
1.64004E+12,2021-12-21,ZEC/USDT,156.7,162.8,155.7,162.2,149048.732,23722370.59,60676,159.25
1.64013E+12,2021-12-22,ZEC/USDT,162.3,169,160.2,165.5,194542.627,31969906.77,82907,164.6
1.64022E+12,2021-12-23,ZEC/USDT,165.5,170,156.6,167.6,207711.628,33894616.81,91515,163.3
1.6403E+12,2021-12-24,ZEC/USDT,167.6,171,162.5,165,183206.881,30637580.8,86296,166.75
1.64039E+12,2021-12-25,ZEC/USDT,165.1,172.6,164.1,169.5,170570.164,28781362.19,68171,168.35
1.64048E+12,2021-12-26,ZEC/USDT,169.5,172.3,163.4,167.5,149916.033,25002119.14,59543,167.85
1.64056E+12,2021-12-27,ZEC/USDT,167.6,173.6,166.3,169.5,140517.556,23822040.67,70069,169.95
1.64065E+12,2021-12-28,ZEC/USDT,169.6,170.6,148.4,149.7,265409.005,41824447.03,116685,159.5
1.64074E+12,2021-12-29,ZEC/USDT,149.7,151.5,140.9,146.6,251112.556,36879918.39,82010,146.2
1.64082E+12,2021-12-30,ZEC/USDT,146.6,154,143.7,153.7,208241.035,31296963.6,74161,148.85
1.64091E+12,2021-12-31,ZEC/USDT,153.7,157.2,143.2,146.5,162571.665,24618613.96,61802,150.2
1.641E+12,2022-01-01,ZEC/USDT,146.5,151,145.6,150.3,84406.953,12487244.82,36487,148.3
1.64108E+12,2022-01-02,ZEC/USDT,150.3,155.6,147.2,153,113366.198,17130521,42663,151.4
1.64117E+12,2022-01-03,ZEC/USDT,153,154.2,146.8,150.5,82365.793,12406466.54,40473,150.5
1.64125E+12,2022-01-04,ZEC/USDT,150.5,156.2,147.2,147.3,172926.138,26121356.74,78887,151.7
1.64134E+12,2022-01-05,ZEC/USDT,147.3,151.3,127.5,136.8,250219.675,35544582.26,98837,139.4
1.64143E+12,2022-01-06,ZEC/USDT,136.9,138.8,129.7,137.4,280815.018,37861156.34,95452,134.25
1.64151E+12,2022-01-07,ZEC/USDT,137.3,143.5,130.6,139.6,446165.964,61374052.88,158921,137.05
1.6416E+12,2022-01-08,ZEC/USDT,139.6,156.1,136,143.6,497296.566,72871902.51,183590,146.05
1.64169E+12,2022-01-09,ZEC/USDT,143.5,147,133.3,144.1,447964.64,62540326.14,130563,140.15
1.64177E+12,2022-01-10,ZEC/USDT,144.2,148.9,136.3,141.3,478153.144,68199103.99,159481,142.6
1.64186E+12,2022-01-11,ZEC/USDT,141.3,145.6,137.8,141.3,250264.331,35443201.66,85423,141.7
1.64195E+12,2022-01-12,ZEC/USDT,141.3,147.8,140.7,144.5,184369.802,26522467.21,73073,144.25
1.64203E+12,2022-01-13,ZEC/USDT,144.4,149.9,140.5,143.3,229378.042,33301340.27,90877,145.2
1.64212E+12,2022-01-14,ZEC/USDT,143.2,144.9,136.7,142.4,201280.793,28462984.55,78042,140.8
1.6422E+12,2022-01-15,ZEC/USDT,142.5,146.7,141,144.4,120500.258,17314328.45,47023,143.85
1.64229E+12,2022-01-16,ZEC/USDT,144.4,145.9,140.2,141.2,71880.783,10239785.75,31821,143.05
1.64238E+12,2022-01-17,ZEC/USDT,141.2,143,134.6,138.9,139791.217,19425850.17,57030,138.8
1.64246E+12,2022-01-18,ZEC/USDT,138.8,140.7,128.5,131.8,204500.722,27257644.42,68687,134.6
1.64255E+12,2022-01-19,ZEC/USDT,131.7,132.3,125.6,125.9,168679.521,21809658.26,58972,128.95
1.64264E+12,2022-01-20,ZEC/USDT,125.8,131.9,118.7,118.8,197818.901,25148762.66,63863,125.3
1.64272E+12,2022-01-21,ZEC/USDT,118.8,120.5,100.2,102.3,403601.323,44862612.06,133684,110.35
1.64281E+12,2022-01-22,ZEC/USDT,102.2,104.5,82.8,94.6,583258.5364,54315028.02,151876,93.65
1.6429E+12,2022-01-23,ZEC/USDT,94.5,98.1,90.7,97.5,242882.344,22921099.47,66520,94.4
1.64298E+12,2022-01-24,ZEC/USDT,97.4,97.9,81.4,94.4,407214.0758,36015994.17,105435,89.65
1.64307E+12,2022-01-25,ZEC/USDT,94.4,96.6,88.9,90.3,261013.712,24107042.33,60391,92.75
1.64316E+12,2022-01-26,ZEC/USDT,90.4,100.3,86.4,89.8,368688.616,34185527.46,97673,93.35
1.64324E+12,2022-01-27,ZEC/USDT,89.8,90.6,82.5,88.7,272315.641,23716136.27,71952,86.55
1.64333E+12,2022-01-28,ZEC/USDT,88.8,91.8,86.2,91.2,180751.086,16077276.28,58402,89
1.64341E+12,2022-01-29,ZEC/USDT,91.2,97.1,90.6,96.3,169779.932,16053011.63,48026,93.85
1.6435E+12,2022-01-30,ZEC/USDT,96.2,98,91.4,93.1,121625.621,11571139.73,36958,94.7
1.64359E+12,2022-01-31,ZEC/USDT,93,94.9,88.2,94.5,118543.862,10866055.27,40732,91.55
1.64367E+12,2022-02-01,ZEC/USDT,94.5,99.7,94,98.9,107061.597,10337987.33,36023,96.85
1.64376E+12,2022-02-02,ZEC/USDT,98.9,103.8,97.4,98.3,211910.404,21292429.32,72794,100.6
1.64385E+12,2022-02-03,ZEC/USDT,98.3,102.3,94.9,100.9,214374.847,21080795.62,72746,98.6
1.64393E+12,2022-02-04,ZEC/USDT,100.8,107.6,99.5,107.1,164853.269,17000723.82,59933,103.55
1.64402E+12,2022-02-05,ZEC/USDT,107.1,122.9,106.1,116,295072.577,34119369.38,100352,114.5
1.64411E+12,2022-02-06,ZEC/USDT,115.9,126.1,115.9,124.3,235861.597,28985436.68,85893,121
1.64419E+12,2022-02-07,ZEC/USDT,124.4,130.8,121.2,128.8,250249.135,31653797.25,95152,126
1.64428E+12,2022-02-08,ZEC/USDT,128.8,135,121.5,133.1,341338.437,43752234.57,131717,128.25
1.64436E+12,2022-02-09,ZEC/USDT,133.1,134.5,132.9,133.9,5778.532,773296.7837,2147,133.7
